date,R_star
2006-04-01,10.227272727272734
2006-04-01,10.227272727272734
2006-04-01,10.227272727272734
2006-04-01,10.227272727272734
2006-05-01,7.38636363636364
2006-05-01,7.38636363636364
2006-05-01,7.38636363636364
2006-05-01,7.38636363636364
2006-05-01,7.38636363636364
2006-06-01,6.439393939393938
2006-06-01,6.439393939393938
2006-06-01,6.439393939393938
2006-06-01,6.439393939393938
2006-06-01,6.439393939393938
2006-06-01,6.439393939393938
2006-06-01,6.439393939393938
2006-07-01,1.7045454545454533
2006-07-01,1.7045454545454533
2006-07-01,1.7045454545454533
2006-07-01,1.7045454545454533
2006-07-01,1.7045454545454533
2006-08-01,1.5151515151515156
2006-08-01,1.5151515151515156
2006-08-01,1.5151515151515156
2006-08-01,1.5151515151515156
2006-08-01,1.5151515151515156
2006-08-01,1.5151515151515156
2006-09-01,1.5151515151515156
2006-09-01,1.5151515151515156
2006-09-01,1.5151515151515156
2006-09-01,1.5151515151515156
2006-09-01,1.5151515151515156
2006-10-01,1.5151515151515156
2006-10-01,1.5151515151515156
2006-10-01,1.5151515151515156
2006-10-01,1.5151515151515156
2006-10-01,1.5151515151515156
2006-10-01,1.5151515151515156
2006-10-01,1.5151515151515156
2006-11-01,1.5151515151515156
2006-11-01,1.5151515151515156
2006-11-01,1.5151515151515156
2006-11-01,1.5151515151515156
2006-11-01,1.5151515151515156
2006-11-01,1.5151515151515156
2006-12-01,1.7045454545454533
2006-12-01,1.7045454545454533
2006-12-01,1.7045454545454533
2006-12-01,1.7045454545454533
2006-12-01,1.7045454545454533
2007-01-01,1.5151515151515156
2007-01-01,1.5151515151515156
2007-01-01,1.5151515151515156
2007-01-01,1.5151515151515156
2007-01-01,1.5151515151515156
2007-01-01,1.5151515151515156
2007-02-01,1.325757575757578
2007-02-01,1.325757575757578
2007-02-01,1.325757575757578
2007-02-01,1.325757575757578
2007-02-01,1.325757575757578
2007-03-01,1.325757575757578
2007-03-01,1.325757575757578
2007-03-01,1.325757575757578
2007-03-01,1.325757575757578
2007-03-01,1.325757575757578
2007-03-01,1.325757575757578
2007-04-01,1.5151515151515156
2007-04-01,1.5151515151515156
2007-04-01,1.5151515151515156
2007-04-01,1.5151515151515156
2007-04-01,1.5151515151515156
2007-04-01,1.5151515151515156
2007-05-01,1.5151515151515156
2007-05-01,1.5151515151515156
2007-05-01,1.5151515151515156
2007-05-01,1.5151515151515156
2007-06-01,1.5151515151515156
2007-06-01,1.5151515151515156
2007-07-01,1.325757575757578
2007-07-01,1.325757575757578
2007-07-01,1.325757575757578
2007-07-01,1.325757575757578
2007-07-01,1.325757575757578
2007-08-01,5.871212121212139
2007-08-01,5.871212121212139
2007-08-01,5.871212121212139
2007-08-01,5.871212121212139
2007-08-01,5.871212121212139
2007-09-01,7.38636363636364
2007-09-01,7.38636363636364
2007-09-01,7.38636363636364
2007-09-01,7.38636363636364
2007-09-01,7.38636363636364
2007-09-01,7.38636363636364
2007-09-01,7.38636363636364
2007-10-01,10.795454545454547
2007-10-01,10.795454545454547
2007-10-01,10.795454545454547
2007-10-01,10.795454545454547
2007-10-01,10.795454545454547
2007-10-01,10.795454545454547
2007-11-01,15.909090909090907
2007-11-01,15.909090909090907
2007-11-01,15.909090909090907
2007-11-01,15.909090909090907
2007-11-01,15.909090909090907
2007-12-01,20.64393939393939
2007-12-01,20.64393939393939
2007-12-01,20.64393939393939
2007-12-01,20.64393939393939
2007-12-01,20.64393939393939
2007-12-01,20.64393939393939
2007-12-01,20.64393939393939
2008-01-01,26.325757575757578
2008-01-01,26.325757575757578
2008-01-01,26.325757575757578
2008-01-01,26.325757575757578
2008-01-01,26.325757575757578
2008-01-01,26.325757575757578
2008-02-01,44.50757575757576
2008-02-01,44.50757575757576
2008-02-01,44.50757575757576
2008-02-01,44.50757575757576
2008-02-01,44.50757575757576
2008-02-01,44.50757575757576
2008-03-01,51.515151515151516
2008-03-01,51.515151515151516
2008-03-01,51.515151515151516
2008-03-01,51.515151515151516
2008-03-01,51.515151515151516
2008-03-01,51.515151515151516
2008-03-01,51.515151515151516
2008-04-01,57.76515151515152
2008-04-01,57.76515151515152
2008-04-01,57.76515151515152
2008-04-01,57.76515151515152
2008-04-01,57.76515151515152
2008-04-01,57.76515151515152
2008-04-01,57.76515151515152
2008-05-01,63.4469696969697
2008-05-01,63.4469696969697
2008-05-01,63.4469696969697
2008-05-01,63.4469696969697
2008-05-01,63.4469696969697
2008-06-01,63.06818181818182
2008-06-01,63.06818181818182
2008-06-01,63.06818181818182
2008-06-01,63.06818181818182
2008-06-01,63.06818181818182
2008-06-01,63.06818181818182
2008-06-01,63.06818181818182
2008-07-01,62.87878787878788
2008-07-01,62.87878787878788
2008-07-01,62.87878787878788
2008-07-01,62.87878787878788
2008-07-01,62.87878787878788
2008-07-01,62.87878787878788
2008-07-01,62.87878787878788
2008-08-01,63.06818181818182
2008-08-01,63.06818181818182
2008-08-01,63.06818181818182
2008-08-01,63.06818181818182
2008-08-01,63.06818181818182
2008-09-01,66.66666666666667
2008-09-01,66.66666666666667
2008-09-01,66.66666666666667
2008-09-01,66.66666666666667
2008-09-01,66.66666666666667
2008-10-01,82.57575757575758
2008-10-01,82.57575757575758
2008-10-01,82.57575757575758
2008-10-01,82.57575757575758
2008-11-01,93.56060606060606
2008-11-01,93.56060606060606
2008-11-01,93.56060606060606
2008-11-01,93.56060606060606
2008-11-01,93.56060606060606
2008-11-01,93.56060606060606
2008-11-01,93.56060606060606
2008-12-01,97.91666666666667
2008-12-01,97.91666666666667
2008-12-01,97.91666666666667
2008-12-01,97.91666666666667
2009-01-01,98.10606060606061
2009-01-01,98.10606060606061
2009-01-01,98.10606060606061
2009-01-01,98.10606060606061
2009-01-01,98.10606060606061
2009-01-01,98.10606060606061
2009-01-01,98.10606060606061
2009-02-01,96.78030303030303
2009-02-01,96.78030303030303
2009-02-01,96.78030303030303
2009-02-01,96.78030303030303
2009-02-01,96.78030303030303
2009-02-01,96.78030303030303
2009-03-01,97.53787878787878
2009-03-01,97.53787878787878
2009-03-01,97.53787878787878
2009-03-01,97.53787878787878
2009-03-01,97.53787878787878
2009-03-01,97.53787878787878
2009-04-01,98.10606060606061
2009-04-01,98.10606060606061
2009-04-01,98.10606060606061
2009-04-01,98.10606060606061
2009-04-01,98.10606060606061
2009-05-01,97.53787878787878
2009-05-01,97.53787878787878
2009-05-01,97.53787878787878
2009-05-01,97.53787878787878
2009-05-01,97.53787878787878
2009-05-01,97.53787878787878
2009-06-01,96.96969696969697
2009-06-01,96.96969696969697
2009-06-01,96.96969696969697
2009-06-01,96.96969696969697
2009-06-01,96.96969696969697
2009-06-01,96.96969696969697
2009-06-01,96.96969696969697
2009-06-01,96.96969696969697
2009-07-01,97.91666666666667
2009-07-01,97.91666666666667
2009-07-01,97.91666666666667
2009-07-01,97.91666666666667
2009-08-01,97.91666666666667
2009-08-01,97.91666666666667
2009-08-01,97.91666666666667
2009-08-01,97.91666666666667
2009-08-01,97.91666666666667
2009-08-01,97.91666666666667
2009-08-01,97.91666666666667
2009-09-01,98.10606060606061
2009-09-01,98.10606060606061
2009-09-01,98.10606060606061
2009-09-01,98.10606060606061
2009-09-01,98.10606060606061
2009-09-01,98.10606060606061
2009-09-01,98.10606060606061
2009-09-01,98.10606060606061
2009-10-01,98.67424242424242
2009-10-01,98.67424242424242
2009-10-01,98.67424242424242
2009-10-01,98.67424242424242
2009-10-01,98.67424242424242
2009-10-01,98.67424242424242
2009-11-01,98.67424242424242
2009-11-01,98.67424242424242
2009-11-01,98.67424242424242
2009-11-01,98.67424242424242
2009-11-01,98.67424242424242
2009-11-01,98.67424242424242
2009-11-01,98.67424242424242
2009-11-01,98.67424242424242
2009-11-01,98.67424242424242
2009-12-01,98.67424242424242
2009-12-01,98.67424242424242
2009-12-01,98.67424242424242
2009-12-01,98.67424242424242
2009-12-01,98.67424242424242
2009-12-01,98.67424242424242
2009-12-01,98.67424242424242
2010-01-01,98.86363636363636
2010-01-01,98.86363636363636
2010-01-01,98.86363636363636
2010-01-01,98.86363636363636
2010-01-01,98.86363636363636
2010-01-01,98.86363636363636
2010-02-01,98.48484848484848
2010-02-01,98.48484848484848
2010-02-01,98.48484848484848
2010-02-01,98.48484848484848
2010-02-01,98.48484848484848
2010-02-01,98.48484848484848
2010-02-01,98.48484848484848
2010-03-01,97.91666666666667
2010-03-01,97.91666666666667
2010-03-01,97.91666666666667
2010-03-01,97.91666666666667
2010-03-01,97.91666666666667
2010-03-01,97.91666666666667
2010-03-01,97.91666666666667
2010-04-01,97.1590909090909
2010-04-01,97.1590909090909
2010-04-01,97.1590909090909
2010-04-01,97.1590909090909
2010-04-01,97.1590909090909
2010-04-01,97.1590909090909
2010-05-01,97.1590909090909
2010-05-01,97.1590909090909
2010-05-01,97.1590909090909
2010-05-01,97.1590909090909
2010-05-01,97.1590909090909
2010-06-01,97.53787878787878
2010-06-01,97.53787878787878
2010-06-01,97.53787878787878
2010-06-01,97.53787878787878
2010-07-01,97.53787878787878
2010-07-01,97.53787878787878
2010-07-01,97.53787878787878
2010-07-01,97.53787878787878
2010-07-01,97.53787878787878
2010-08-01,97.34848484848484
2010-08-01,97.34848484848484
2010-08-01,97.34848484848484
2010-08-01,97.34848484848484
2010-09-01,97.34848484848484
2010-09-01,97.34848484848484
2010-09-01,97.34848484848484
2010-09-01,97.34848484848484
2010-09-01,97.34848484848484
2010-10-01,97.34848484848484
2010-10-01,97.34848484848484
2010-10-01,97.34848484848484
2010-10-01,97.34848484848484
2010-11-01,97.34848484848484
2010-11-01,97.34848484848484
2010-11-01,97.34848484848484
2010-12-01,97.53787878787878
2010-12-01,97.53787878787878
2010-12-01,97.53787878787878
2010-12-01,97.53787878787878
2010-12-01,97.53787878787878
2010-12-01,97.53787878787878
2010-12-01,97.53787878787878
2011-01-01,97.72727272727273
2011-01-01,97.72727272727273
2011-01-01,97.72727272727273
2011-01-01,97.72727272727273
2011-01-01,97.72727272727273
2011-01-01,97.72727272727273
2011-01-01,97.72727272727273
2011-01-01,97.72727272727273
2011-01-01,97.72727272727273
2011-02-01,97.91666666666667
2011-02-01,97.91666666666667
2011-02-01,97.91666666666667
2011-02-01,97.91666666666667
2011-02-01,97.91666666666667
2011-03-01,98.29545454545455
2011-03-01,98.29545454545455
2011-03-01,98.29545454545455
2011-03-01,98.29545454545455
2011-03-01,98.29545454545455
2011-03-01,98.29545454545455
2011-03-01,98.29545454545455
2011-03-01,98.29545454545455
2011-03-01,98.29545454545455
2011-03-01,98.29545454545455
2011-04-01,99.0530303030303
2011-04-01,99.0530303030303
2011-04-01,99.0530303030303
2011-04-01,99.0530303030303
2011-04-01,99.0530303030303
2011-04-01,99.0530303030303
2011-04-01,99.0530303030303
2011-04-01,99.0530303030303
2011-04-01,99.0530303030303
2011-05-01,99.24242424242425
2011-05-01,99.24242424242425
2011-05-01,99.24242424242425
2011-05-01,99.24242424242425
2011-05-01,99.24242424242425
2011-05-01,99.24242424242425
2011-05-01,99.24242424242425
2011-05-01,99.24242424242425
2011-06-01,99.24242424242425
2011-06-01,99.24242424242425
2011-06-01,99.24242424242425
2011-06-01,99.24242424242425
2011-06-01,99.24242424242425
2011-06-01,99.24242424242425
2011-06-01,99.24242424242425
2011-07-01,99.62121212121212
2011-07-01,99.62121212121212
2011-07-01,99.62121212121212
2011-07-01,99.62121212121212
2011-07-01,99.62121212121212
2011-07-01,99.62121212121212
2011-08-01,99.0530303030303
2011-08-01,99.0530303030303
2011-08-01,99.0530303030303
2011-08-01,99.0530303030303
2011-08-01,99.0530303030303
2011-08-01,99.0530303030303
2011-08-01,99.0530303030303
2011-08-01,99.0530303030303
2011-09-01,99.43181818181819
2011-09-01,99.43181818181819
2011-09-01,99.43181818181819
2011-09-01,99.43181818181819
2011-09-01,99.43181818181819
2011-09-01,99.43181818181819
2011-09-01,99.43181818181819
2011-09-01,99.43181818181819
2011-09-01,99.43181818181819
2011-10-01,99.62121212121212
2011-10-01,99.62121212121212
2011-10-01,99.62121212121212
2011-10-01,99.62121212121212
2011-10-01,99.62121212121212
2011-10-01,99.62121212121212
2011-10-01,99.62121212121212
2011-11-01,99.43181818181819
2011-11-01,99.43181818181819
2011-11-01,99.43181818181819
2011-11-01,99.43181818181819
2011-11-01,99.43181818181819
2011-11-01,99.43181818181819
2011-11-01,99.43181818181819
2011-11-01,99.43181818181819
2011-12-01,99.62121212121212
2011-12-01,99.62121212121212
2011-12-01,99.62121212121212
2011-12-01,99.62121212121212
2011-12-01,99.62121212121212
2011-12-01,99.62121212121212
2011-12-01,99.62121212121212
2012-01-01,99.43181818181819
2012-01-01,99.43181818181819
2012-01-01,99.43181818181819
2012-01-01,99.43181818181819
2012-01-01,99.43181818181819
2012-01-01,99.43181818181819
2012-01-01,99.43181818181819
2012-01-01,99.43181818181819
2012-01-01,99.43181818181819
2012-02-01,99.0530303030303
2012-02-01,99.0530303030303
2012-02-01,99.0530303030303
2012-02-01,99.0530303030303
2012-02-01,99.0530303030303
2012-02-01,99.0530303030303
2012-02-01,99.0530303030303
2012-02-01,99.0530303030303
2012-02-01,99.0530303030303
2012-03-01,98.48484848484848
2012-03-01,98.48484848484848
2012-03-01,98.48484848484848
2012-03-01,98.48484848484848
2012-03-01,98.48484848484848
2012-04-01,98.29545454545455
2012-04-01,98.29545454545455
2012-04-01,98.29545454545455
2012-04-01,98.29545454545455
2012-04-01,98.29545454545455
2012-04-01,98.29545454545455
2012-04-01,98.29545454545455
2012-04-01,98.29545454545455
2012-04-01,98.29545454545455
2012-05-01,97.91666666666667
2012-05-01,97.91666666666667
2012-05-01,97.91666666666667
2012-05-01,97.91666666666667
2012-05-01,97.91666666666667
2012-05-01,97.91666666666667
2012-05-01,97.91666666666667
2012-05-01,97.91666666666667
2012-05-01,97.91666666666667
2012-05-01,97.91666666666667
2012-05-01,97.91666666666667
2012-06-01,97.91666666666667
2012-06-01,97.91666666666667
2012-06-01,97.91666666666667
2012-06-01,97.91666666666667
2012-06-01,97.91666666666667
2012-07-01,97.91666666666667
2012-07-01,97.91666666666667
2012-07-01,97.91666666666667
2012-07-01,97.91666666666667
2012-07-01,97.91666666666667
2012-07-01,97.91666666666667
2012-07-01,97.91666666666667
2012-07-01,97.91666666666667
2012-07-01,97.91666666666667
2012-07-01,97.91666666666667
2012-08-01,98.48484848484848
2012-08-01,98.48484848484848
2012-08-01,98.48484848484848
2012-08-01,98.48484848484848
2012-08-01,98.48484848484848
2012-08-01,98.48484848484848
2012-08-01,98.48484848484848
2012-08-01,98.48484848484848
2012-08-01,98.48484848484848
2012-08-01,98.48484848484848
2012-09-01,98.29545454545455
2012-09-01,98.29545454545455
2012-09-01,98.29545454545455
2012-09-01,98.29545454545455
2012-09-01,98.29545454545455
2012-09-01,98.29545454545455
2012-09-01,98.29545454545455
2012-10-01,97.91666666666667
2012-10-01,97.91666666666667
2012-10-01,97.91666666666667
2012-10-01,97.91666666666667
2012-10-01,97.91666666666667
2012-10-01,97.91666666666667
2012-11-01,97.91666666666667
2012-11-01,97.91666666666667
2012-11-01,97.91666666666667
2012-11-01,97.91666666666667
2012-11-01,97.91666666666667
2012-12-01,97.91666666666667
2012-12-01,97.91666666666667
2012-12-01,97.91666666666667
2012-12-01,97.91666666666667
2012-12-01,97.91666666666667
2012-12-01,97.91666666666667
2012-12-01,97.91666666666667
2012-12-01,97.91666666666667
2013-01-01,98.29545454545455
2013-01-01,98.29545454545455
2013-01-01,98.29545454545455
2013-01-01,98.29545454545455
2013-01-01,98.29545454545455
2013-01-01,98.29545454545455
2013-01-01,98.29545454545455
2013-01-01,98.29545454545455
2013-02-01,98.10606060606061
2013-02-01,98.10606060606061
2013-02-01,98.10606060606061
2013-02-01,98.10606060606061
2013-02-01,98.10606060606061
2013-02-01,98.10606060606061
2013-02-01,98.10606060606061
2013-02-01,98.10606060606061
2013-02-01,98.10606060606061
2013-02-01,98.10606060606061
2013-03-01,98.29545454545455
2013-03-01,98.29545454545455
2013-03-01,98.29545454545455
2013-03-01,98.29545454545455
2013-03-01,98.29545454545455
2013-03-01,98.29545454545455
2013-03-01,98.29545454545455
2013-03-01,98.29545454545455
2013-04-01,98.10606060606061
2013-04-01,98.10606060606061
2013-04-01,98.10606060606061
2013-04-01,98.10606060606061
2013-04-01,98.10606060606061
2013-04-01,98.10606060606061
2013-04-01,98.10606060606061
2013-04-01,98.10606060606061
2013-04-01,98.10606060606061
2013-05-01,98.86363636363636
2013-05-01,98.86363636363636
2013-05-01,98.86363636363636
2013-05-01,98.86363636363636
2013-05-01,98.86363636363636
2013-05-01,98.86363636363636
2013-06-01,99.24242424242425
2013-06-01,99.24242424242425
2013-06-01,99.24242424242425
2013-06-01,99.24242424242425
2013-06-01,99.24242424242425
2013-06-01,99.24242424242425
2013-06-01,99.24242424242425
2013-06-01,99.24242424242425
2013-06-01,99.24242424242425
2013-07-01,99.24242424242425
2013-07-01,99.24242424242425
2013-07-01,99.24242424242425
2013-07-01,99.24242424242425
2013-07-01,99.24242424242425
2013-07-01,99.24242424242425
2013-07-01,99.24242424242425
2013-08-01,99.43181818181819
2013-08-01,99.43181818181819
2013-08-01,99.43181818181819
2013-08-01,99.43181818181819
2013-08-01,99.43181818181819
2013-08-01,99.43181818181819
2013-08-01,99.43181818181819
2013-08-01,99.43181818181819
2013-08-01,99.43181818181819
2013-09-01,99.43181818181819
2013-09-01,99.43181818181819
2013-09-01,99.43181818181819
2013-09-01,99.43181818181819
2013-09-01,99.43181818181819
2013-09-01,99.43181818181819
2013-09-01,99.43181818181819
2013-09-01,99.43181818181819
2013-10-01,99.24242424242425
2013-10-01,99.24242424242425
2013-10-01,99.24242424242425
2013-10-01,99.24242424242425
2013-10-01,99.24242424242425
2013-11-01,99.43181818181819
2013-11-01,99.43181818181819
2013-11-01,99.43181818181819
2013-12-01,99.24242424242425
2013-12-01,99.24242424242425
2013-12-01,99.24242424242425
2013-12-01,99.24242424242425
2013-12-01,99.24242424242425
2013-12-01,99.24242424242425
2013-12-01,99.24242424242425
2013-12-01,99.24242424242425
2014-01-01,99.62121212121212
2014-01-01,99.62121212121212
2014-01-01,99.62121212121212
2014-01-01,99.62121212121212
2014-01-01,99.62121212121212
2014-01-01,99.62121212121212
2014-02-01,99.62121212121212
2014-02-01,99.62121212121212
2014-02-01,99.62121212121212
2014-02-01,99.62121212121212
2014-02-01,99.62121212121212
2014-02-01,99.62121212121212
2014-03-01,99.43181818181819
2014-03-01,99.43181818181819
2014-03-01,99.43181818181819
2014-03-01,99.43181818181819
2014-03-01,99.43181818181819
2014-03-01,99.43181818181819
2014-03-01,99.43181818181819
2014-03-01,99.43181818181819
2014-03-01,99.43181818181819
2014-03-01,99.43181818181819
2014-04-01,99.24242424242425
2014-04-01,99.24242424242425
2014-04-01,99.24242424242425
2014-05-01,99.24242424242425
2014-05-01,99.24242424242425
2014-05-01,99.24242424242425
2014-05-01,99.24242424242425
2014-06-01,99.0530303030303
2014-06-01,99.0530303030303
2014-06-01,99.0530303030303
2014-06-01,99.0530303030303
2014-06-01,99.0530303030303
2014-06-01,99.0530303030303
2014-06-01,99.0530303030303
2014-06-01,99.0530303030303
2014-06-01,99.0530303030303
2014-07-01,99.24242424242425
2014-07-01,99.24242424242425
2014-07-01,99.24242424242425
2014-07-01,99.24242424242425
2014-07-01,99.24242424242425
2014-07-01,99.24242424242425
2014-07-01,99.24242424242425
2014-08-01,99.24242424242425
2014-08-01,99.24242424242425
2014-08-01,99.24242424242425
2014-08-01,99.24242424242425
2014-08-01,99.24242424242425
2014-09-01,99.24242424242425
2014-09-01,99.24242424242425
2014-09-01,99.24242424242425
2014-09-01,99.24242424242425
2014-09-01,99.24242424242425
2014-09-01,99.24242424242425
2014-09-01,99.24242424242425
2014-09-01,99.24242424242425
2014-10-01,99.24242424242425
2014-10-01,99.24242424242425
2014-10-01,99.24242424242425
2014-10-01,99.24242424242425
2014-11-01,99.24242424242425
2014-11-01,99.24242424242425
2014-11-01,99.24242424242425
2014-11-01,99.24242424242425
2014-11-01,99.24242424242425
2014-12-01,98.67424242424242
2014-12-01,98.67424242424242
2014-12-01,98.67424242424242
2014-12-01,98.67424242424242
2014-12-01,98.67424242424242
2014-12-01,98.67424242424242
2014-12-01,98.67424242424242
2014-12-01,98.67424242424242
2015-01-01,98.86363636363636
2015-01-01,98.86363636363636
2015-01-01,98.86363636363636
2015-01-01,98.86363636363636
2015-01-01,98.86363636363636
2015-01-01,98.86363636363636
2015-02-01,98.86363636363636
2015-02-01,98.86363636363636
2015-02-01,98.86363636363636
2015-02-01,98.86363636363636
2015-02-01,98.86363636363636
2015-02-01,98.86363636363636
2015-02-01,98.86363636363636
2015-02-01,98.86363636363636
2015-03-01,98.86363636363636
2015-03-01,98.86363636363636
2015-03-01,98.86363636363636
2015-03-01,98.86363636363636
2015-03-01,98.86363636363636
2015-03-01,98.86363636363636
2015-03-01,98.86363636363636
2015-03-01,98.86363636363636
2015-03-01,98.86363636363636
2015-03-01,98.86363636363636
2015-04-01,98.67424242424242
2015-04-01,98.67424242424242
2015-04-01,98.67424242424242
2015-04-01,98.67424242424242
2015-04-01,98.67424242424242
2015-04-01,98.67424242424242
2015-04-01,98.67424242424242
2015-05-01,98.67424242424242
2015-05-01,98.67424242424242
2015-05-01,98.67424242424242
2015-05-01,98.67424242424242
2015-05-01,98.67424242424242
2015-05-01,98.67424242424242
2015-05-01,98.67424242424242
2015-06-01,98.48484848484848
2015-06-01,98.48484848484848
2015-06-01,98.48484848484848
2015-06-01,98.48484848484848
2015-06-01,98.48484848484848
2015-06-01,98.48484848484848
2015-06-01,98.48484848484848
2015-06-01,98.48484848484848
2015-07-01,98.48484848484848
2015-07-01,98.48484848484848
2015-07-01,98.48484848484848
2015-07-01,98.48484848484848
2015-07-01,98.48484848484848
2015-07-01,98.48484848484848
2015-07-01,98.48484848484848
2015-07-01,98.48484848484848
2015-07-01,98.48484848484848
2015-08-01,98.29545454545455
2015-08-01,98.29545454545455
2015-08-01,98.29545454545455
2015-08-01,98.29545454545455
2015-08-01,98.29545454545455
2015-08-01,98.29545454545455
2015-08-01,98.29545454545455
2015-09-01,98.29545454545455
2015-09-01,98.29545454545455
2015-09-01,98.29545454545455
2015-09-01,98.29545454545455
2015-09-01,98.29545454545455
2015-09-01,98.29545454545455
2015-10-01,98.67424242424242
2015-10-01,98.67424242424242
2015-10-01,98.67424242424242
2015-10-01,98.67424242424242
2015-10-01,98.67424242424242
2015-10-01,98.67424242424242
2015-10-01,98.67424242424242
2015-10-01,98.67424242424242
2015-10-01,98.67424242424242
2015-11-01,98.67424242424242
2015-11-01,98.67424242424242
2015-11-01,98.67424242424242
2015-11-01,98.67424242424242
2015-11-01,98.67424242424242
2015-11-01,98.67424242424242
2015-12-01,96.40151515151516
2015-12-01,96.40151515151516
2015-12-01,96.40151515151516
2015-12-01,96.40151515151516
2015-12-01,96.40151515151516
2015-12-01,96.40151515151516
2015-12-01,96.40151515151516
2015-12-01,96.40151515151516
2016-01-01,94.50757575757575
2016-01-01,94.50757575757575
2016-01-01,94.50757575757575
2016-01-01,94.50757575757575
2016-01-01,94.50757575757575
2016-01-01,94.50757575757575
2016-01-01,94.50757575757575
2016-01-01,94.50757575757575
2016-02-01,93.75
2016-02-01,93.75
2016-02-01,93.75
2016-02-01,93.75
2016-02-01,93.75
2016-02-01,93.75
2016-02-01,93.75
2016-02-01,93.75
2016-03-01,94.12878787878788
2016-03-01,94.12878787878788
2016-03-01,94.12878787878788
2016-03-01,94.12878787878788
2016-04-01,93.93939393939394
2016-04-01,93.93939393939394
2016-04-01,93.93939393939394
2016-04-01,93.93939393939394
2016-04-01,93.93939393939394
2016-04-01,93.93939393939394
2016-04-01,93.93939393939394
2016-05-01,93.93939393939394
2016-05-01,93.93939393939394
2016-05-01,93.93939393939394
2016-05-01,93.93939393939394
2016-05-01,93.93939393939394
2016-05-01,93.93939393939394
2016-06-01,93.75
2016-06-01,93.75
2016-06-01,93.75
2016-06-01,93.75
2016-06-01,93.75
2016-07-01,93.56060606060606
2016-07-01,93.56060606060606
2016-07-01,93.56060606060606
2016-07-01,93.56060606060606
2016-07-01,93.56060606060606
2016-08-01,93.37121212121212
2016-08-01,93.37121212121212
2016-08-01,93.37121212121212
2016-08-01,93.37121212121212
2016-08-01,93.37121212121212
2016-08-01,93.37121212121212
2016-09-01,93.37121212121212
2016-09-01,93.37121212121212
2016-09-01,93.37121212121212
2016-09-01,93.37121212121212
2016-09-01,93.37121212121212
2016-10-01,93.37121212121212
2016-10-01,93.37121212121212
2016-10-01,93.37121212121212
2016-10-01,93.37121212121212
2016-10-01,93.37121212121212
2016-10-01,93.37121212121212
2016-10-01,93.37121212121212
2016-11-01,93.18181818181819
2016-11-01,93.18181818181819
2016-11-01,93.18181818181819
2016-11-01,93.18181818181819
2016-11-01,93.18181818181819
2016-11-01,93.18181818181819
2016-12-01,90.71969696969697
2016-12-01,90.71969696969697
2016-12-01,90.71969696969697
2016-12-01,90.71969696969697
2016-12-01,90.71969696969697
2016-12-01,90.71969696969697
2016-12-01,90.71969696969697
2016-12-01,90.71969696969697
2017-01-01,88.63636363636364
2017-01-01,88.63636363636364
2017-01-01,88.63636363636364
2017-01-01,88.63636363636364
2017-01-01,88.63636363636364
2017-01-01,88.63636363636364
2017-01-01,88.63636363636364
2017-01-01,88.63636363636364
2017-01-01,88.63636363636364
2017-02-01,88.4469696969697
2017-02-01,88.4469696969697
2017-02-01,88.4469696969697
2017-02-01,88.4469696969697
2017-02-01,88.4469696969697
2017-02-01,88.4469696969697
2017-03-01,85.98484848484848
2017-03-01,85.98484848484848
2017-03-01,85.98484848484848
2017-03-01,85.98484848484848
2017-03-01,85.98484848484848
2017-03-01,85.98484848484848
2017-04-01,83.90151515151516
2017-04-01,83.90151515151516
2017-04-01,83.90151515151516
2017-04-01,83.90151515151516
2017-04-01,83.90151515151516
2017-05-01,83.71212121212122
2017-05-01,83.71212121212122
2017-05-01,83.71212121212122
2017-05-01,83.71212121212122
2017-05-01,83.71212121212122
2017-05-01,83.71212121212122
2017-05-01,83.71212121212122
2017-05-01,83.71212121212122
2017-06-01,81.25
2017-06-01,81.25
2017-06-01,81.25
2017-06-01,81.25
2017-06-01,81.25
2017-06-01,81.25
2017-07-01,79.16666666666667
2017-07-01,79.16666666666667
2017-07-01,79.16666666666667
2017-07-01,79.16666666666667
2017-07-01,79.16666666666667
2017-07-01,79.16666666666667
2017-07-01,79.16666666666667
2017-08-01,78.97727272727273
2017-08-01,78.97727272727273
2017-08-01,78.97727272727273
2017-08-01,78.97727272727273
2017-08-01,78.97727272727273
2017-08-01,78.97727272727273
2017-08-01,78.97727272727273
2017-08-01,78.97727272727273
2017-09-01,79.16666666666667
2017-09-01,79.16666666666667
2017-09-01,79.16666666666667
2017-09-01,79.16666666666667
2017-09-01,79.16666666666667
2017-09-01,79.16666666666667
2017-10-01,79.16666666666667
2017-10-01,79.16666666666667
2017-10-01,79.16666666666667
2017-10-01,79.16666666666667
2017-10-01,79.16666666666667
2017-10-01,79.16666666666667
2017-10-01,79.16666666666667
2017-11-01,78.97727272727273
2017-11-01,78.97727272727273
2017-11-01,78.97727272727273
2017-11-01,78.97727272727273
2017-11-01,78.97727272727273
2017-11-01,78.97727272727273
2017-11-01,78.97727272727273
2017-12-01,76.32575757575758
2017-12-01,76.32575757575758
2017-12-01,76.32575757575758
2017-12-01,76.32575757575758
2017-12-01,76.32575757575758
2017-12-01,76.32575757575758
2018-01-01,74.24242424242425
2018-01-01,74.24242424242425
2018-01-01,74.24242424242425
2018-01-01,74.24242424242425
2018-01-01,74.24242424242425
2018-02-01,74.05303030303031
2018-02-01,74.05303030303031
2018-02-01,74.05303030303031
2018-02-01,74.05303030303031
2018-03-01,72.34848484848484
2018-03-01,72.34848484848484
2018-03-01,72.34848484848484
2018-03-01,72.34848484848484
2018-03-01,72.34848484848484
2018-03-01,72.34848484848484
2018-03-01,72.34848484848484
2018-04-01,68.93939393939394
2018-04-01,68.93939393939394
2018-04-01,68.93939393939394
2018-04-01,68.93939393939394
2018-04-01,68.93939393939394
2018-04-01,68.93939393939394
2018-04-01,68.93939393939394
2018-05-01,68.75
2018-05-01,68.75
2018-05-01,68.75
2018-05-01,68.75
2018-05-01,68.75
2018-05-01,68.75
2018-05-01,68.75
2018-05-01,68.75
2018-06-01,66.47727272727272
2018-06-01,66.47727272727272
2018-06-01,66.47727272727272
2018-06-01,66.47727272727272
2018-06-01,66.47727272727272
2018-06-01,66.47727272727272
2018-06-01,66.47727272727272
2018-07-01,64.77272727272728
2018-07-01,64.77272727272728
2018-07-01,64.77272727272728
2018-07-01,64.77272727272728
2018-07-01,64.77272727272728
2018-07-01,64.77272727272728
2018-07-01,64.77272727272728
2018-07-01,64.77272727272728
2018-08-01,64.77272727272728
2018-08-01,64.77272727272728
2018-08-01,64.77272727272728
2018-08-01,64.77272727272728
2018-08-01,64.77272727272728
2018-08-01,64.77272727272728
2018-08-01,64.77272727272728
2018-09-01,64.01515151515153
2018-09-01,64.01515151515153
2018-09-01,64.01515151515153
2018-09-01,64.01515151515153
2018-09-01,64.01515151515153
2018-10-01,59.46969696969697
2018-10-01,59.46969696969697
2018-10-01,59.46969696969697
2018-10-01,59.46969696969697
2018-10-01,59.46969696969697
2018-10-01,59.46969696969697
2018-11-01,59.28030303030303
2018-11-01,59.28030303030303
2018-11-01,59.28030303030303
2018-11-01,59.28030303030303
2018-11-01,59.28030303030303
2018-11-01,59.28030303030303
2018-12-01,57.95454545454545
2018-12-01,57.95454545454545
2018-12-01,57.95454545454545
2018-12-01,57.95454545454545
2018-12-01,57.95454545454545
2018-12-01,57.95454545454545
2018-12-01,57.95454545454545
2019-01-01,55.49242424242424
2019-01-01,55.49242424242424
2019-01-01,55.49242424242424
2019-01-01,55.49242424242424
2019-01-01,55.49242424242424
2019-01-01,55.49242424242424
2019-01-01,55.49242424242424
2019-02-01,55.49242424242424
2019-02-01,55.49242424242424
2019-02-01,55.49242424242424
2019-02-01,55.49242424242424
2019-02-01,55.49242424242424
2019-02-01,55.49242424242424
2019-03-01,55.3030303030303
2019-03-01,55.3030303030303
2019-03-01,55.3030303030303
2019-03-01,55.3030303030303
2019-03-01,55.3030303030303
2019-03-01,55.3030303030303
2019-03-01,55.3030303030303
2019-04-01,55.11363636363637
2019-04-01,55.11363636363637
2019-04-01,55.11363636363637
2019-04-01,55.11363636363637
2019-04-01,55.11363636363637
2019-04-01,55.11363636363637
2019-04-01,55.11363636363637
2019-04-01,55.11363636363637
2019-05-01,55.68181818181818
2019-05-01,55.68181818181818
2019-05-01,55.68181818181818
2019-05-01,55.68181818181818
2019-05-01,55.68181818181818
2019-05-01,55.68181818181818
2019-05-01,55.68181818181818
2019-05-01,55.68181818181818
2019-06-01,55.871212121212125
2019-06-01,55.871212121212125
2019-06-01,55.871212121212125
2019-06-01,55.871212121212125
2019-06-01,55.871212121212125
2019-06-01,55.871212121212125
2019-07-01,55.49242424242424
2019-07-01,55.49242424242424
2019-07-01,55.49242424242424
2019-07-01,55.49242424242424
2019-07-01,55.49242424242424
2019-07-01,55.49242424242424
2019-07-01,55.49242424242424
2019-07-01,55.49242424242424
2019-08-01,60.60606060606061
2019-08-01,60.60606060606061
2019-08-01,60.60606060606061
2019-08-01,60.60606060606061
2019-08-01,60.60606060606061
2019-08-01,60.60606060606061
2019-09-01,62.31060606060606
2019-09-01,62.31060606060606
2019-09-01,62.31060606060606
2019-09-01,62.31060606060606
2019-09-01,62.31060606060606
2019-09-01,62.31060606060606
2019-10-01,66.28787878787878
2019-10-01,66.28787878787878
2019-10-01,66.28787878787878
2019-10-01,66.28787878787878
2019-10-01,66.28787878787878
2019-10-01,66.28787878787878
2019-10-01,66.28787878787878
2019-11-01,71.5909090909091
2019-11-01,71.5909090909091
2019-11-01,71.5909090909091
2019-11-01,71.5909090909091
2019-11-01,71.5909090909091
2019-12-01,71.5909090909091
2019-12-01,71.5909090909091
2019-12-01,71.5909090909091
2019-12-01,71.5909090909091
2019-12-01,71.5909090909091
2020-01-01,71.5909090909091
2020-01-01,71.5909090909091
2020-01-01,71.5909090909091
2020-01-01,71.5909090909091
2020-02-01,71.02272727272728
2020-02-01,71.02272727272728
2020-02-01,71.02272727272728
2020-02-01,71.02272727272728
2020-02-01,71.02272727272728
2020-02-01,71.02272727272728
2020-02-01,71.02272727272728
2020-03-01,88.63636363636364
2020-03-01,88.63636363636364
2020-03-01,88.63636363636364
2020-03-01,88.63636363636364
2020-03-01,88.63636363636364
2020-03-01,88.63636363636364
2020-03-01,88.63636363636364
2020-03-01,88.63636363636364
2020-04-01,100
2020-04-01,100
2020-04-01,100
2020-04-01,100
2020-04-01,100
2020-04-01,100
2020-05-01,100
2020-05-01,100
2020-05-01,100
2020-05-01,100
2020-05-01,100
2020-05-01,100
2020-06-01,99.43181818181819
2020-06-01,99.43181818181819
2020-06-01,99.43181818181819
2020-06-01,99.43181818181819
2020-06-01,99.43181818181819
2020-06-01,99.43181818181819
2020-07-01,99.24242424242425
2020-07-01,99.24242424242425
2020-07-01,99.24242424242425
2020-07-01,99.24242424242425
2020-07-01,99.24242424242425
2020-07-01,99.24242424242425
2020-07-01,99.24242424242425
2020-07-01,99.24242424242425
2020-08-01,99.0530303030303
2020-08-01,99.0530303030303
2020-08-01,99.0530303030303
2020-08-01,99.0530303030303
2020-08-01,99.0530303030303
2020-09-01,99.24242424242425
2020-09-01,99.24242424242425
2020-09-01,99.24242424242425
2020-09-01,99.24242424242425
2020-09-01,99.24242424242425
2020-09-01,99.24242424242425
2020-09-01,99.24242424242425
2020-10-01,99.24242424242425
2020-10-01,99.24242424242425
2020-10-01,99.24242424242425
2020-10-01,99.24242424242425
2020-10-01,99.24242424242425
2020-10-01,99.24242424242425
2020-11-01,99.24242424242425
2020-11-01,99.24242424242425
2020-11-01,99.24242424242425
2020-11-01,99.24242424242425
2020-11-01,99.24242424242425
2020-11-01,99.24242424242425
2020-12-01,99.24242424242425
2020-12-01,99.24242424242425
2020-12-01,99.24242424242425
2020-12-01,99.24242424242425
2020-12-01,99.24242424242425
2020-12-01,99.24242424242425
2021-01-01,99.24242424242425
2021-01-01,99.24242424242425
2021-01-01,99.24242424242425
2021-01-01,99.24242424242425
2021-01-01,99.24242424242425
2021-01-01,99.24242424242425
2021-01-01,99.24242424242425
2021-02-01,99.43181818181819
2021-02-01,99.43181818181819
2021-02-01,99.43181818181819
2021-02-01,99.43181818181819
2021-02-01,99.43181818181819
2021-02-01,99.43181818181819
2021-03-01,99.62121212121212
2021-03-01,99.62121212121212
2021-03-01,99.62121212121212
2021-03-01,99.62121212121212
2021-03-01,99.62121212121212
2021-03-01,99.62121212121212
2021-04-01,99.62121212121212
2021-04-01,99.62121212121212
2021-04-01,99.62121212121212
2021-04-01,99.62121212121212
2021-04-01,99.62121212121212
2021-04-01,99.62121212121212
2021-05-01,99.81060606060606
2021-05-01,99.81060606060606
2021-05-01,99.81060606060606
2021-05-01,99.81060606060606
2021-05-01,99.81060606060606
2021-05-01,99.81060606060606
2021-05-01,99.81060606060606
2021-06-01,99.43181818181819
2021-06-01,99.43181818181819
2021-06-01,99.43181818181819
2021-06-01,99.43181818181819
2021-06-01,99.43181818181819
2021-06-01,99.43181818181819
2021-06-01,99.43181818181819
2021-07-01,99.0530303030303
2021-07-01,99.0530303030303
2021-07-01,99.0530303030303
2021-07-01,99.0530303030303
2021-07-01,99.0530303030303
2021-07-01,99.0530303030303
2021-07-01,99.0530303030303
2021-08-01,99.24242424242425
2021-08-01,99.24242424242425
2021-08-01,99.24242424242425
2021-08-01,99.24242424242425
2021-08-01,99.24242424242425
2021-08-01,99.24242424242425
2021-08-01,99.24242424242425
2021-09-01,99.43181818181819
2021-09-01,99.43181818181819
2021-09-01,99.43181818181819
2021-09-01,99.43181818181819
2021-09-01,99.43181818181819
2021-09-01,99.43181818181819
2021-10-01,99.43181818181819
2021-10-01,99.43181818181819
2021-10-01,99.43181818181819
2021-10-01,99.43181818181819
2021-10-01,99.43181818181819
2021-10-01,99.43181818181819
2021-11-01,99.43181818181819
2021-11-01,99.43181818181819
2021-11-01,99.43181818181819
2021-11-01,99.43181818181819
2021-11-01,99.43181818181819
2021-12-01,99.43181818181819
2021-12-01,99.43181818181819
2021-12-01,99.43181818181819
2021-12-01,99.43181818181819
2021-12-01,99.43181818181819
2021-12-01,99.43181818181819
2022-01-01,99.43181818181819
2022-01-01,99.43181818181819
2022-01-01,99.43181818181819
2022-01-01,99.43181818181819
2022-01-01,99.43181818181819
2022-02-01,99.43181818181819
2022-02-01,99.43181818181819
2022-02-01,99.43181818181819
2022-02-01,99.43181818181819
2022-02-01,99.43181818181819
2022-03-01,97.1590909090909
2022-03-01,97.1590909090909
2022-03-01,97.1590909090909
2022-03-01,97.1590909090909
2022-03-01,97.1590909090909
2022-04-01,94.6969696969697
2022-04-01,94.6969696969697
2022-04-01,94.6969696969697
2022-04-01,94.6969696969697
2022-04-01,94.6969696969697
2022-05-01,86.36363636363636
2022-05-01,86.36363636363636
2022-05-01,86.36363636363636
2022-05-01,86.36363636363636
2022-05-01,86.36363636363636
2022-06-01,78.03030303030303
2022-06-01,78.03030303030303
2022-06-01,78.03030303030303
2022-06-01,78.03030303030303
2022-06-01,78.03030303030303
2022-07-01,69.12878787878788
2022-07-01,69.12878787878788
2022-07-01,69.12878787878788
2022-07-01,69.12878787878788
2022-07-01,69.12878787878788
2022-08-01,56.81818181818182
2022-08-01,56.81818181818182
2022-08-01,56.81818181818182
2022-09-01,52.46212121212121
2022-09-01,52.46212121212121
2022-09-01,52.46212121212121
2022-09-01,52.46212121212121
2022-09-01,52.46212121212121
2022-10-01,42.61363636363637
2022-10-01,42.61363636363637
2022-10-01,42.61363636363637
2022-10-01,42.61363636363637
2022-10-01,42.61363636363637
2022-11-01,29.35606060606061
2022-11-01,29.35606060606061
2022-11-01,29.35606060606061
2022-11-01,29.35606060606061
2022-11-01,29.35606060606061
2022-12-01,23.295454545454547
2022-12-01,23.295454545454547
2022-12-01,23.295454545454547
2022-12-01,23.295454545454547
2022-12-01,23.295454545454547
2023-01-01,18.939393939393938
2023-01-01,18.939393939393938
2023-01-01,18.939393939393938
2023-01-01,18.939393939393938
2023-01-01,18.939393939393938
2023-02-01,14.393939393939391
2023-02-01,14.393939393939391
2023-02-01,14.393939393939391
2023-02-01,14.393939393939391
2023-03-01,12.878787878787861
2023-03-01,12.878787878787861
2023-03-01,12.878787878787861
2023-03-01,12.878787878787861
2023-04-01,9.469696969696969
2023-04-01,9.469696969696969
2023-04-01,9.469696969696969
2023-04-01,9.469696969696969
2023-04-01,9.469696969696969
2023-05-01,5.113636363636374
2023-05-01,5.113636363636374
2023-05-01,5.113636363636374
2023-05-01,5.113636363636374
2023-05-01,5.113636363636374
2023-06-01,4.734848484848484
2023-06-01,4.734848484848484
2023-06-01,4.734848484848484
2023-06-01,4.734848484848484
2023-07-01,3.9772727272727337
2023-07-01,3.9772727272727337
2023-07-01,3.9772727272727337
2023-08-01,0
2023-08-01,0
2023-08-01,0
2023-08-01,0
2023-08-01,0
2023-09-01,0
2023-09-01,0
2023-09-01,0
2023-09-01,0
2023-09-01,0
2023-10-01,0
2023-10-01,0
2023-10-01,0
2023-10-01,0
2023-10-01,0
2023-11-01,0
2023-11-01,0
2023-11-01,0
2023-11-01,0
2023-12-01,0
2023-12-01,0
2023-12-01,0
2023-12-01,0
2024-01-01,0
2024-01-01,0
2024-01-01,0
2024-01-01,0
2024-02-01,0
2024-02-01,0
2024-02-01,0
2024-03-01,0
2024-03-01,0
2024-03-01,0
2024-03-01,0
2024-04-01,0
2024-04-01,0
2024-04-01,0
2024-05-01,0
2024-05-01,0
2024-05-01,0
2024-05-01,0
2024-06-01,0
2024-06-01,0
2024-06-01,0
2024-07-01,0
2024-08-01,0
2024-08-01,0
2024-08-01,0
2024-08-01,0
2024-09-01,3.787878787878796
2024-09-01,3.787878787878796
2024-10-01,9.469696969696969
2024-10-01,9.469696969696969
2024-10-01,9.469696969696969
2024-10-01,9.469696969696969
2024-11-01,13.068181818181827
2024-11-01,13.068181818181827
2024-11-01,13.068181818181827
2024-12-01,16.098484848484844
2024-12-01,16.098484848484844
2024-12-01,16.098484848484844
2025-01-01,18.939393939393938
2025-01-01,18.939393939393938
2025-02-01,18.939393939393938
2025-02-01,18.939393939393938
2025-02-01,18.939393939393938
2025-03-01,18.939393939393938
2025-03-01,18.939393939393938
2025-04-01,18.939393939393938
2025-04-01,18.939393939393938
2025-04-01,18.939393939393938
2025-05-01,18.939393939393938
2025-05-01,18.939393939393938
2025-05-01,18.939393939393938
2025-06-01,18.939393939393938
2025-06-01,18.939393939393938
2025-06-01,18.939393939393938
2025-07-01,18.939393939393938
2025-07-01,18.939393939393938
2025-08-01,18.939393939393938
