date,W_star
2006-04-01,37.96785408303035
2006-04-01,37.96432863490431
2006-04-01,38.614617404793655
2006-04-01,37.324940542944105
2006-05-01,37.97138304956748
2006-05-01,36.682027002858135
2006-05-01,29.616359337743997
2006-05-01,28.977588404178228
2006-05-01,29.616359337743997
2006-06-01,35.371644197196844
2006-06-01,34.091247997493895
2006-06-01,35.371644197196844
2006-06-01,35.37386545727365
2006-06-01,37.299390079354275
2006-06-01,36.65617000348041
2006-06-01,36.65903158562712
2006-07-01,40.50118254798948
2006-07-01,41.77649432472149
2006-07-01,41.7818995354435
2006-07-01,35.995871009037366
2006-07-01,34.71896376157713
2006-08-01,36.6333792424067
2006-08-01,38.54212238107068
2006-08-01,36.630543071323906
2006-08-01,36.630543071323906
2006-08-01,32.80267148509032
2006-08-01,31.53048837589617
2006-09-01,37.88075988425016
2006-09-01,39.15075165555291
2006-09-01,38.519511290171586
2006-09-01,34.69641933728518
2006-09-01,35.33421711213191
2006-10-01,40.411368487599205
2006-10-01,38.50825581849626
2006-10-01,39.781370415454084
2006-10-01,38.50825581849626
2006-10-01,32.15833369044089
2006-10-01,30.89580514208387
2006-10-01,31.527378707920427
2006-11-01,36.57996723461316
2006-11-01,35.95087042785836
2006-11-01,35.31249213919957
2006-11-01,34.04903813590105
2006-11-01,32.786819784439786
2006-11-01,34.04903813590105
2006-12-01,40.355504123535695
2006-12-01,39.72917913631556
2006-12-01,36.55777431282688
2006-12-01,35.297410768965584
2006-12-01,37.18995381333631
2007-01-01,38.4414147881668
2007-01-01,37.81598968410333
2007-01-01,37.81598968410333
2007-01-01,31.52216162793059
2007-01-01,31.521857423712273
2007-01-01,32.149127113763484
2007-02-01,39.03843945809119
2007-02-01,39.04239795800147
2007-02-01,37.15937000055104
2007-02-01,34.64665377798822
2007-02-01,35.27604375135927
2007-03-01,42.15927585164934
2007-03-01,43.41685077464823
2007-03-01,41.53352747889567
2007-03-01,34.637580607606274
2007-03-01,31.518229887555684
2007-03-01,32.76398144334854
2007-04-01,41.4923757483859
2007-04-01,40.24572038293838
2007-04-01,40.25024380588989
2007-04-01,30.89580514208387
2007-04-01,30.89580514208387
2007-04-01,31.516431838219006
2007-05-01,40.84499296936792
2007-05-01,42.0940433958024
2007-05-01,40.22316873016274
2007-05-01,32.75410641244304
2007-06-01,41.416068230817885
2007-06-01,41.441381664621055
2007-07-01,46.396546458492026
2007-07-01,45.783677879783525
2007-07-01,45.170219153189976
2007-07-01,34.59640317425395
2007-07-01,35.21730491943417
2007-08-01,42.648104234971456
2007-08-01,33.96495192273267
2007-08-01,35.8158114316735
2007-08-01,35.818159883363265
2007-08-01,29.669314516134776
2007-09-01,38.2617574156411
2007-09-01,38.890815362667134
2007-09-01,38.27933725400282
2007-09-01,39.51403965508041
2007-09-01,30.2834338129282
2007-09-01,30.283724587538657
2007-09-01,30.89580514208387
2007-10-01,35.79943480588777
2007-10-01,37.64792805951128
2007-10-01,27.842651073224246
2007-10-01,29.673385371697474
2007-10-01,30.284015086140442
2007-10-01,30.284305309127408
2007-11-01,40.08574084459693
2007-11-01,38.85663242110629
2007-11-01,38.247753704094315
2007-11-01,33.3383283971714
2007-11-01,32.117066769627776
2007-12-01,43.74949678753629
2007-12-01,41.90802614906306
2007-12-01,40.07701346026413
2007-12-01,40.072655981233055
2007-12-01,30.287479682965035
2007-12-01,30.28719246603469
2007-12-01,30.89580514208387
2008-01-01,36.99056470649286
2008-01-01,37.60638636621889
2008-01-01,26.653543019325298
2008-01-01,27.256158136326274
2008-01-01,30.288053304331562
2008-01-01,29.07340884443203
2008-02-01,41.24222063492284
2008-02-01,41.247107935580445
2008-02-01,40.03362400696456
2008-02-01,35.14205998213455
2008-02-01,32.71648543568919
2008-02-01,35.15207473411567
2008-03-01,44.88729070181372
2008-03-01,44.88069094447416
2008-03-01,44.88729070181372
2008-03-01,39.36837935345231
2008-03-01,33.91463804108242
2008-03-01,35.12415169086903
2008-03-01,33.314269772238724
2008-04-01,41.19844172592612
2008-04-01,41.20328774501524
2008-04-01,41.19844172592612
2008-04-01,30.89580514208387
2008-04-01,28.488631196476828
2008-04-01,26.68718035891799
2008-04-01,29.69109332164227
2008-05-01,37.518625378701145
2008-05-01,41.15503174032005
2008-05-01,40.556070418880246
2008-05-01,33.90336848289699
2008-05-01,32.69950147772625
2008-06-01,42.93167487011837
2008-06-01,44.76295102658684
2008-06-01,42.356634018816386
2008-06-01,30.89580514208387
2008-06-01,32.09435618613088
2008-06-01,30.29708630888714
2008-06-01,30.89580514208387
2008-07-01,41.69783012425575
2008-07-01,41.10246933110715
2008-07-01,32.684484579464595
2008-07-01,32.686140764129
2008-07-01,33.28734808804417
2008-07-01,35.687781528227156
2008-07-01,35.68555580765743
2008-08-01,43.47474315570952
2008-08-01,45.278417670647364
2008-08-01,45.27173430051343
2008-08-01,35.061683043795654
2008-08-01,33.872806638325315
2008-09-01,41.026969272381095
2008-09-01,40.44426179299115
2008-09-01,38.653926170946015
2008-09-01,37.4573313459698
2008-09-01,30.89580514208387
2008-10-01,35.04444492834024
2008-10-01,35.04253838432044
2008-10-01,35.64147158616102
2008-10-01,34.45997559703095
2008-11-01,37.99144724046467
2008-11-01,39.77350244148127
2008-11-01,41.55883347926451
2008-11-01,39.79802646717042
2008-11-01,39.7939297247288
2008-11-01,33.849612767823025
2008-11-01,32.66727786018619
2008-12-01,41.53438820568082
2008-12-01,45.70556672150136
2008-12-01,34.42420381326759
2008-12-01,30.89580514208387
2009-01-01,36.188403148859734
2009-01-01,39.73696870773888
2009-01-01,37.3763618727042
2009-01-01,38.55814689898482
2009-01-01,29.137221720702662
2009-01-01,29.13802107680307
2009-01-01,27.967496082855043
2009-02-01,36.17395565657539
2009-02-01,37.358639292766334
2009-02-01,30.89580514208387
2009-02-01,29.72501345464289
2009-02-01,30.89580514208387
2009-02-01,29.723949098563484
2009-03-01,39.700734430830245
2009-03-01,38.523270514110536
2009-03-01,39.700734430830245
2009-03-01,31.479874760512626
2009-03-01,29.72819495379363
2009-03-01,30.89580514208387
2009-04-01,37.92374688423272
2009-04-01,37.34101338144623
2009-04-01,37.34394435381542
2009-04-01,37.346877993129155
2009-04-01,32.0634153303744
2009-05-01,32.64484401301006
2009-05-01,32.062358669570294
2009-05-01,30.89580514208387
2009-05-01,32.0634153303744
2009-05-01,33.81747705475948
2009-05-01,34.9880008496156
2009-06-01,33.808235435514895
2009-06-01,32.060251075121414
2009-06-01,34.39388288393624
2009-06-01,33.81218896079964
2009-06-01,34.98059080759213
2009-06-01,33.228912197056715
2009-06-01,30.313582175565102
2009-06-01,32.06130391954533
2009-07-01,36.72593471183735
2009-07-01,37.8951263070024
2009-07-01,35.55990879788665
2009-07-01,34.39230147446853
2009-08-01,35.54518890357195
2009-08-01,37.87617507641159
2009-08-01,37.873026510811776
2009-08-01,37.87932648495984
2009-08-01,36.71278008735697
2009-08-01,37.30025777378992
2009-08-01,36.720665728945626
2009-09-01,40.793595572902554
2009-09-01,35.53890878142654
2009-09-01,34.37656566739242
2009-09-01,36.70491576791742
2009-09-01,35.54518890357195
2009-09-01,31.474889440319437
2009-09-01,29.73867619426297
2009-09-01,29.739195318959133
2009-10-01,34.94757502762826
2009-10-01,36.10756382620451
2009-10-01,34.951217067974994
2009-10-01,35.534731450217066
2009-10-01,30.31801865715688
2009-10-01,32.05241496520861
2009-11-01,36.102885407277874
2009-11-01,36.67885425770756
2009-11-01,37.8448167209112
2009-11-01,37.84169637444584
2009-11-01,37.26573242267563
2009-11-01,34.94757502762826
2009-11-01,32.04982631296339
2009-11-01,30.89580514208387
2009-11-01,31.473332762098384
2009-12-01,35.51809702150124
2009-12-01,36.67626096213994
2009-12-01,36.67366999135551
2009-12-01,31.472041909125416
2009-12-01,29.744361061804785
2009-12-01,29.74384656489675
2009-12-01,29.744361061804785
2010-01-01,34.92946251137639
2010-01-01,37.81993216736155
2010-01-01,34.35477199684023
2010-01-01,35.50982446332773
2010-01-01,36.09122602468716
2010-01-01,32.0472492223631
2010-02-01,35.49952531305707
2010-02-01,33.77184630199569
2010-02-01,36.07961873942622
2010-02-01,35.50569927841822
2010-02-01,36.660749900010934
2010-02-01,35.50569927841822
2010-02-01,32.044683616123635
2010-03-01,32.04366057206817
2010-03-01,34.9204668437372
2010-03-01,34.918672522871944
2010-03-01,33.77056350040768
2010-03-01,33.77184630199569
2010-03-01,29.175553832645363
2010-03-01,30.89580514208387
2010-04-01,33.764166619325685
2010-04-01,36.06345540081535
2010-04-01,33.191516002052744
2010-04-01,34.34090531457162
2010-04-01,33.191516002052744
2010-04-01,31.469222245229805
2010-05-01,35.48110224434276
2010-05-01,33.18743473830149
2010-05-01,35.48518350567112
2010-05-01,34.91329914702933
2010-05-01,34.34090531457162
2010-06-01,37.209010006998206
2010-06-01,33.18539954327832
2010-06-01,30.89580514208387
2010-06-01,32.6145273392473
2010-07-01,36.62233400868733
2010-07-01,38.3436013297915
2010-07-01,38.34691293325446
2010-07-01,32.609196787461784
2010-07-01,33.75525866442764
2010-08-01,37.755450274886584
2010-08-01,38.333684157770584
2010-08-01,38.34029266866881
2010-08-01,33.75145788438002
2010-09-01,38.895177070370835
2010-09-01,40.617947118052115
2010-09-01,40.622262316443525
2010-09-01,34.886646157169054
2010-09-01,33.17427027310044
2010-10-01,39.44382667969985
2010-10-01,39.45139130052961
2010-10-01,40.59642843284655
2010-10-01,34.87608371954615
2010-11-01,36.58442671257159
2010-11-01,36.58945199664414
2010-11-01,37.16435426966887
2010-12-01,34.870823439488056
2010-12-01,34.869073101179985
2010-12-01,36.574402709804176
2010-12-01,36.01104977649853
2010-12-01,36.01330617024986
2010-12-01,30.89580514208387
2010-12-01,31.46241685543465
2011-01-01,36.55943276893994
2011-01-01,38.26499662068672
2011-01-01,38.25852105699693
2011-01-01,37.69813573771721
2011-01-01,37.70112840405926
2011-01-01,35.99083141825973
2011-01-01,34.85686376153405
2011-01-01,34.28802000490611
2011-01-01,36.556945448945974
2011-02-01,37.1257955316259
2011-02-01,37.12305947963221
2011-02-01,38.25852105699693
2011-02-01,30.89580514208387
2011-02-01,30.89580514208387
2011-03-01,29.769512745515573
2011-03-01,34.27911655382281
2011-03-01,33.15233319087591
2011-03-01,34.27911655382281
2011-03-01,34.28059721527206
2011-03-01,32.02357561266352
2011-03-01,32.0230824904639
2011-03-01,30.89580514208387
2011-03-01,30.89580514208387
2011-03-01,29.769512745515573
2011-04-01,35.97077225969213
2011-04-01,33.71399851303379
2011-04-01,34.27763718722366
2011-04-01,33.70785062173582
2011-04-01,34.837828530073054
2011-04-01,31.458214238014204
2011-04-01,32.58376888875239
2011-04-01,33.14937445654646
2011-04-01,32.02209753865217
2011-05-01,37.09583055817359
2011-05-01,37.656513085471055
2011-05-01,39.350385254933634
2011-05-01,35.389196507216944
2011-05-01,35.3950779095271
2011-05-01,34.26878808461973
2011-05-01,31.456990012729246
2011-05-01,31.457234431226766
2011-06-01,34.26878808461973
2011-06-01,35.95307403086012
2011-06-01,35.95748700545744
2011-06-01,38.77296929320341
2011-06-01,34.26144913130698
2011-06-01,32.01671092284262
2011-06-01,30.335839178629364
2011-07-01,36.493033313479785
2011-07-01,37.621239826636064
2011-07-01,38.74555854365628
2011-07-01,38.188033785400755
2011-07-01,38.19120846047432
2011-07-01,37.62416520057463
2011-08-01,34.25414204492136
2011-08-01,34.81727038984884
2011-08-01,34.81046524408289
2011-08-01,34.2526844334186
2011-08-01,34.255600922811475
2011-08-01,34.257061068739596
2011-08-01,26.99468472050693
2011-08-01,28.10808531536998
2011-09-01,30.33850222471588
2011-09-01,32.56916080786379
2011-09-01,32.56988520425573
2011-09-01,33.68473125171717
2011-09-01,33.687146952115334
2011-09-01,33.12984612626525
2011-09-01,30.33826117674098
2011-09-01,32.0118585168653
2011-09-01,32.571335880219834
2011-10-01,37.600833219444254
2011-10-01,38.721730150850064
2011-10-01,38.71833789900408
2011-10-01,36.47124479551165
2011-10-01,34.795239686209825
2011-10-01,34.796925563660814
2011-10-01,32.008967186878685
2011-11-01,33.124053453013026
2011-11-01,35.35615686482586
2011-11-01,37.589227805203834
2011-11-01,36.47124479551165
2011-11-01,35.91587213942363
2011-11-01,30.89580514208387
2011-11-01,29.784562342193823
2011-11-01,29.785041119789618
2011-12-01,32.00609079916607
2011-12-01,33.11733318667238
2011-12-01,34.229533541754314
2011-12-01,33.12020833081978
2011-12-01,33.67630912800383
2011-12-01,31.451426542029044
2011-12-01,30.340901290222984
2012-01-01,34.78180494187184
2012-01-01,35.34077634164437
2012-01-01,34.23097111329349
2012-01-01,35.34461151955597
2012-01-01,34.23097111329349
2012-01-01,32.00513530376422
2012-01-01,30.341378626869826
2012-01-01,30.341616987366404
2012-01-01,33.116376456248545
2012-02-01,35.33503595696956
2012-02-01,38.115771286996534
2012-02-01,37.00237625603623
2012-02-01,33.663176648894705
2012-02-01,33.66436538235956
2012-02-01,33.667937718153816
2012-02-01,32.00418145151851
2012-02-01,32.00465817251168
2012-02-01,32.00418145151851
2012-03-01,39.215781354686044
2012-03-01,37.548923324651575
2012-03-01,38.654439308126385
2012-03-01,34.213801661704295
2012-03-01,32.0003823896182
2012-04-01,33.658431905633925
2012-04-01,33.657248260919566
2012-04-01,34.76348261105422
2012-04-01,37.53464624700681
2012-04-01,37.54034971874622
2012-04-01,37.54320513111279
2012-04-01,37.54034971874622
2012-04-01,30.89580514208387
2012-04-01,31.447384794575207
2012-05-01,31.44667764117468
2012-05-01,34.75686270952406
2012-05-01,34.75851555950992
2012-05-01,32.54983634123595
2012-05-01,32.549129188093886
2012-05-01,30.89580514208387
2012-05-01,29.24459893217028
2012-05-01,30.89580514208387
2012-05-01,30.89580514208387
2012-05-01,30.89580514208387
2012-05-01,31.99802117275712
2012-06-01,37.51192993869218
2012-06-01,34.19962824641318
2012-06-01,31.995670029347185
2012-06-01,33.09647376841332
2012-06-01,33.64899106235834
2012-07-01,36.39982584179546
2012-07-01,38.05714763026469
2012-07-01,38.0602093414607
2012-07-01,38.60802012935521
2012-07-01,38.0602093414607
2012-07-01,36.40453013299197
2012-07-01,36.952814166687645
2012-07-01,31.44433350288064
2012-07-01,32.543493656620505
2012-07-01,32.544195996140736
2012-08-01,33.64195266631159
2012-08-01,33.64312323217864
2012-08-01,30.89580514208387
2012-08-01,30.89580514208387
2012-08-01,30.347743216968137
2012-08-01,28.157823731989257
2012-08-01,29.79968129185212
2012-08-01,30.347276781286965
2012-08-01,28.703557441620507
2012-08-01,29.79921505456991
2012-09-01,35.28403202845829
2012-09-01,36.3834239069732
2012-09-01,35.28030054301089
2012-09-01,34.73387044838194
2012-09-01,33.636114767663116
2012-09-01,33.63495016518727
2012-09-01,34.18557540462532
2012-10-01,35.834662030484296
2012-10-01,35.83256038925505
2012-10-01,35.834662030484296
2012-10-01,35.287769870780636
2012-10-01,35.28590015399539
2012-10-01,29.802470411064004
2012-11-01,33.081547656492596
2012-11-01,34.17302967057316
2012-11-01,35.81581143167379
2012-11-01,34.724100235468505
2012-11-01,33.629141969633764
2012-12-01,39.64619392696302
2012-12-01,39.64248299024341
2012-12-01,39.638775199718474
2012-12-01,38.00248089371353
2012-12-01,40.19703944337106
2012-12-01,39.09929462790808
2012-12-01,40.19703944337106
2012-12-01,35.80540092323178
2013-01-01,37.433632603821174
2013-01-01,35.252515401053
2013-01-01,37.43916376072616
2013-01-01,37.441932850281276
2013-01-01,31.439016961667516
2013-01-01,31.438788144557762
2013-01-01,31.438559520135644
2013-01-01,33.07048527345888
2013-02-01,35.78471151833866
2013-02-01,35.78677260871659
2013-02-01,35.78471151833866
2013-02-01,34.69989094946478
2013-02-01,30.89580514208387
2013-02-01,33.066822654290114
2013-02-01,31.980857034232475
2013-02-01,31.981313898187135
2013-02-01,33.06773715197885
2013-02-01,31.981313898187135
2013-03-01,34.150960818529384
2013-03-01,35.237840166496355
2013-03-01,30.35464576010538
2013-03-01,31.437191806457225
2013-03-01,30.35464576010538
2013-03-01,31.43764694446839
2013-03-01,32.52201411753275
2013-03-01,31.43764694446839
2013-04-01,35.77443206843051
2013-04-01,36.86107991137176
2013-04-01,36.858571385396424
2013-04-01,35.77648449877399
2013-04-01,33.6016020519759
2013-04-01,32.518602013094196
2013-04-01,34.144125128322855
2013-04-01,34.142761433953964
2013-04-01,34.144125128322855
2013-05-01,35.77033238193785
2013-05-01,36.3096717858157
2013-05-01,36.3119465196994
2013-05-01,31.975856795098036
2013-05-01,31.975404512161226
2013-05-01,30.89580514208387
2013-06-01,38.99958750507114
2013-06-01,37.916140886676494
2013-06-01,37.378831032473805
2013-06-01,36.29606340715496
2013-06-01,36.293801992471224
2013-06-01,36.29606340715496
2013-06-01,34.67282127230896
2013-06-01,34.13053951566594
2013-06-01,34.13189296101085
2013-07-01,35.75196873808735
2013-07-01,36.28928484029511
2013-07-01,36.29154247097669
2013-07-01,28.74829719060927
2013-07-01,29.821603768856765
2013-07-01,31.433353785900582
2013-07-01,31.433578044826056
2013-08-01,34.658645648800814
2013-08-01,35.73576126676149
2013-08-01,35.73778128183879
2013-08-01,34.12244255853581
2013-08-01,34.123789235253724
2013-08-01,33.5835483611674
2013-08-01,31.97000651531084
2013-08-01,33.04510342949137
2013-08-01,33.58466965579363
2013-09-01,36.80884022406792
2013-09-01,35.731726288750096
2013-09-01,36.80884022406792
2013-09-01,31.43178919525324
2013-09-01,31.431566425488988
2013-09-01,31.43178919525324
2013-09-01,31.968665439938736
2013-09-01,33.04241904362015
2013-10-01,34.65081618457546
2013-10-01,35.72568642054049
2013-10-01,34.114386035648174
2013-10-01,35.18903294515642
2013-10-01,30.89580514208387
2013-11-01,34.64301923473649
2013-11-01,35.17655781247843
2013-11-01,36.25341797613416
2013-12-01,36.25119212950591
2013-12-01,36.25341797613416
2013-12-01,37.32761378011713
2013-12-01,37.32494054294439
2013-12-01,36.24452567267514
2013-12-01,35.1730067940874
2013-12-01,35.17655781247843
2013-12-01,35.17478156655688
2014-01-01,37.316934147675425
2014-01-01,34.63215774461293
2014-01-01,34.095743035023254
2014-01-01,34.09706751262807
2014-01-01,33.02909707071022
2014-01-01,34.6306112410521
2014-02-01,38.36232689227596
2014-02-01,36.759931745308485
2014-02-01,36.222423521722426
2014-02-01,38.35615366222217
2014-02-01,38.89564987443276
2014-02-01,38.89234141920842
2014-03-01,35.687781528226864
2014-03-01,35.68580300783641
2014-03-01,35.68382612056191
2014-03-01,37.282468963087354
2014-03-01,37.28510699027463
2014-03-01,35.151823789619876
2014-03-01,30.365553538681073
2014-03-01,31.957181550377346
2014-03-01,31.956744769962555
2014-03-01,29.836173701169443
2014-04-01,30.365771569767862
2014-04-01,30.89580514208387
2014-04-01,33.017684397840945
2014-05-01,34.6075663659042
2014-05-01,34.60604014829594
2014-05-01,33.01419733250709
2014-05-01,34.60451518528458
2014-06-01,38.319327589724814
2014-06-01,38.32238253723407
2014-06-01,38.319327589724814
2014-06-01,38.31627515450772
2014-06-01,39.379830796530705
2014-06-01,38.319327589724814
2014-06-01,36.72377806711372
2014-06-01,36.72138366574744
2014-06-01,35.12563827702249
2014-07-01,34.06687930659182
2014-07-01,35.654367418889535
2014-07-01,34.06557968603289
2014-07-01,31.950235937889687
2014-07-01,33.00552960668679
2014-07-01,33.00466673369522
2014-07-01,31.949804854162743
2014-08-01,34.056512084149894
2014-08-01,35.64074372320961
2014-08-01,36.69754741974227
2014-08-01,36.695174519015424
2014-08-01,35.11180399039936
2014-09-01,35.113528325306845
2014-09-01,34.58329657449389
2014-09-01,35.6388038464388
2014-09-01,35.636865555182474
2014-09-01,34.58179024629444
2014-09-01,35.10663943484843
2014-09-01,35.10835954689595
2014-09-01,31.94679710936669
2014-10-01,32.47165067738052
2014-10-01,31.420873023090866
2014-10-01,32.47036741554369
2014-10-01,32.996932522479014
2014-11-01,37.72725292942276
2014-11-01,35.09805990287443
2014-11-01,37.7216875951765
2014-11-01,35.61949196246363
2014-11-01,36.67155183316223
2014-12-01,30.89580514208387
2014-12-01,34.56978378015689
2014-12-01,34.571280309133684
2014-12-01,32.99436704338229
2014-12-01,35.094637871310255
2014-12-01,34.04108773144327
2014-12-01,32.99351327531829
2014-12-01,29.32762795489098
2015-01-01,37.70228013085011
2015-01-01,35.074222153015846
2015-01-01,36.125183023919746
2015-01-01,35.07761097459796
2015-01-01,39.29005274727726
2015-01-01,37.17615421819852
2015-02-01,39.27300512825762
2015-02-01,40.32398460640941
2015-02-01,38.21990541408663
2015-02-01,38.739871964837405
2015-02-01,39.79658012739355
2015-02-01,38.74624148722718
2015-02-01,32.97910477500914
2015-02-01,32.97826337774227
2015-03-01,36.62487913262835
2015-03-01,36.106159418044
2015-03-01,37.15075854866285
2015-03-01,37.14570404085967
2015-03-01,34.537165729294216
2015-03-01,33.4957277880552
2015-03-01,34.537165729294216
2015-03-01,32.97490457413612
2015-03-01,34.535696846443386
2015-03-01,34.537165729294216
2015-04-01,35.05568137563777
2015-04-01,35.05400400618865
2015-04-01,32.45136626180143
2015-04-01,34.5283701723204
2015-04-01,32.97072127548021
2015-04-01,31.41411702301354
2015-04-01,32.97072127548021
2015-05-01,37.12305947963221
2015-05-01,36.08309547557456
2015-05-01,37.641997341094566
2015-05-01,36.081008874475266
2015-05-01,37.12055354227287
2015-05-01,35.56061207045232
2015-05-01,35.55873714805359
2015-06-01,34.0031775355088
2015-06-01,32.448243899055925
2015-06-01,34.0031775355088
2015-06-01,35.040633591834634
2015-06-01,35.5568637322214
2015-06-01,32.445134045776555
2015-06-01,32.44575501928536
2015-06-01,30.89580514208387
2015-07-01,32.445134045776555
2015-07-01,32.96074971216414
2015-07-01,34.51090591736738
2015-07-01,33.47698585468407
2015-07-01,33.99570489648685
2015-07-01,33.9969478394515
2015-07-01,33.99570489648685
2015-07-01,32.96157701367441
2015-07-01,32.44389359028955
2015-08-01,36.05403502552727
2015-08-01,37.08815893490628
2015-08-01,38.63934727988445
2015-08-01,36.56985801387181
2015-08-01,35.01908910169186
2015-08-01,34.500795767376516
2015-08-01,34.502236610951655
2015-09-01,35.01908910169186
2015-09-01,36.56758839272282
2015-09-01,36.565320586544956
2015-09-01,38.114438370169935
2015-09-01,36.565320586544956
2015-09-01,31.923339337279018
2015-10-01,36.03142923719343
2015-10-01,35.51418684226395
2015-10-01,36.03142923719343
2015-10-01,37.06101031325561
2015-10-01,36.03142923719343
2015-10-01,36.033476118060456
2015-10-01,36.54724321565789
2015-10-01,35.002668217743135
2015-10-01,35.00103332002163
2015-11-01,36.53600328313304
2015-11-01,38.59310797571734
2015-11-01,37.56945764002989
2015-11-01,33.4534274592912
2015-11-01,32.429769816267736
2015-11-01,33.4534274592912
2015-12-01,32.429769816267736
2015-12-01,34.476476386174134
2015-12-01,34.47789785153501
2015-12-01,34.9880008496156
2015-12-01,34.47789785153501
2015-12-01,34.476476386174134
2015-12-01,30.38529359837185
2015-12-01,29.87559014574635
2016-01-01,38.55651224116773
2016-01-01,37.532455210338334
2016-01-01,37.535084627956586
2016-01-01,37.532455210338334
2016-01-01,37.535084627956586
2016-01-01,35.486772625602946
2016-01-01,37.019518433639426
2016-01-01,35.48495657833877
2016-02-01,35.48859011075061
2016-02-01,35.486772625602946
2016-02-01,38.55651224116773
2016-02-01,37.532455210338334
2016-02-01,30.89580514208387
2016-02-01,30.89580514208387
2016-02-01,31.91199879432852
2016-02-01,30.89580514208387
2016-03-01,33.9443860988181
2016-03-01,35.47047975992803
2016-03-01,34.9589781850232
2016-03-01,34.96057975106304
2016-04-01,40.04876358851581
2016-04-01,40.0451543777719
2016-04-01,38.00355743440974
2016-04-01,39.022151227962524
2016-04-01,38.00355743440974
2016-04-01,39.022151227962524
2016-04-01,38.00355743440974
2016-05-01,41.561634379799536
2016-05-01,38.499275341882125
2016-05-01,36.973801124193926
2016-05-01,36.97141385161638
2016-05-01,36.973801124193926
2016-05-01,33.42036771136016
2016-06-01,34.42880887548529
2016-06-01,35.44001776678125
2016-06-01,35.94295333265769
2016-06-01,35.94493028063645
2016-06-01,34.93352369454276
2016-07-01,38.97440536376823
2016-07-01,36.43682043188347
2016-07-01,37.44683775441491
2016-07-01,37.44939975387199
2016-07-01,36.43898658328717
2016-08-01,38.961767741207794
2016-08-01,38.95861451110667
2016-08-01,36.43249320401193
2016-08-01,36.430332123581586
2016-08-01,34.91777596227879
2016-08-01,34.91934520567362
2016-09-01,39.44916502258042
2016-09-01,37.4187874006836
2016-09-01,36.41310402402841
2016-09-01,34.40544790175218
2016-09-01,34.406813521503125
2016-10-01,42.436466061144856
2016-10-01,39.41259799627441
2016-10-01,37.90690967596693
2016-10-01,38.41354414600593
2016-10-01,38.41062236636979
2016-10-01,39.415909346528935
2016-10-01,40.42197834689811
2016-11-01,35.89402789459448
2016-11-01,34.88973743603423
2016-11-01,35.890154804511425
2016-11-01,36.89599900339866
2016-11-01,37.89874773820932
2016-11-01,29.901174240947466
2016-12-01,35.872799921514364
2016-12-01,35.37856203190317
2016-12-01,36.37684809786186
2016-12-01,34.382393834165484
2016-12-01,32.887371998588165
2016-12-01,32.8866030538563
2016-12-01,32.38948028446217
2016-12-01,32.38890357591305
2017-01-01,35.37337165341263
2017-01-01,37.36589835534354
2017-01-01,36.368386433707755
2017-01-01,35.3751004435714
2017-01-01,29.904234643720446
2017-01-01,32.38487905183279
2017-01-01,32.88047280624464
2017-01-01,34.86972929737491
2017-01-01,34.37567075531468
2017-02-01,38.349785372649585
2017-02-01,39.84748325230954
2017-02-01,37.855536368545486
2017-02-01,34.86208713553759
2017-02-01,32.38144668784532
2017-02-01,33.372825987342395
2017-03-01,38.33544527986291
2017-03-01,37.842141966647134
2017-03-01,37.34101338144623
2017-03-01,35.35444266354914
2017-03-01,34.3623020821943
2017-03-01,36.34944288308294
2017-04-01,35.836555038107356
2017-04-01,34.84689065280415
2017-04-01,35.84034541010281
2017-04-01,35.8384494974234
2017-04-01,36.33688654139238
2017-05-01,38.312615544112
2017-05-01,34.34771468114559
2017-05-01,35.83088036364776
2017-05-01,34.84235438930175
2017-05-01,36.326467005966364
2017-05-01,36.32854771932422
2017-05-01,36.326467005966364
2017-05-01,31.880182116404125
2017-06-01,34.34244056420287
2017-06-01,35.821451484737615
2017-06-01,34.83481705307722
2017-06-01,36.314016119003135
2017-06-01,33.35393185427392
2017-06-01,33.35486971261526
2017-07-01,37.77855993621633
2017-07-01,39.74843759599643
2017-07-01,36.79530925134015
2017-07-01,38.27299885367776
2017-07-01,37.28693459377838
2017-07-01,38.27299885367776
2017-07-01,35.80643999112212
2017-08-01,36.78408065577638
2017-08-01,39.240705375835695
2017-08-01,37.76284588417478
2017-08-01,36.78408065577638
2017-08-01,36.78632295414378
2017-08-01,31.384819424281545
2017-08-01,30.407346768505683
2017-08-01,32.36396191642606
2017-09-01,40.18707650383564
2017-09-01,40.19060260302395
2017-09-01,39.209047939440865
2017-09-01,38.723003003928305
2017-09-01,36.2688472514424
2017-09-01,33.82211989321334
2017-10-01,36.262746143824046
2017-10-01,36.2688472514424
2017-10-01,37.248171109613374
2017-10-01,35.784093529920376
2017-10-01,35.782240501721816
2017-10-01,36.761751207487734
2017-10-01,28.46823141727688
2017-11-01,31.38150282402522
2017-11-01,31.381685898914725
2017-11-01,32.84079442593514
2017-11-01,32.84152838415551
2017-11-01,32.35564845790794
2017-11-01,30.89580514208387
2017-11-01,32.84152838415551
2017-12-01,36.730772993637956
2017-12-01,39.66148314046139
2017-12-01,38.68457642832247
2017-12-01,38.68163615981126
2017-12-01,36.24654405778095
2017-12-01,34.77992310177483
2018-01-01,40.60975878091201
2018-01-01,38.66404106146607
2018-01-01,39.63836341702931
2018-01-01,41.103148507590056
2018-01-01,40.12753952187175
2018-02-01,41.09545646285364
2018-02-01,36.220423289510485
2018-02-01,35.732734402393575
2018-02-01,35.73455006653019
2018-03-01,39.11858488461025
2018-03-01,40.09978534109853
2018-03-01,41.06098524171675
2018-03-01,35.234389596404114
2018-03-01,37.65229449821089
2018-03-01,37.649765871954685
2018-03-01,36.682748566876214
2018-04-01,36.68491433911599
2018-04-01,36.19653715202693
2018-04-01,38.60884417198668
2018-04-01,38.60596079291013
2018-04-01,38.12677923261771
2018-04-01,35.702075268379524
2018-04-01,36.186647726635215
2018-05-01,34.737956104446226
2018-05-01,35.70028388927922
2018-05-01,35.21661513495251
2018-05-01,37.134651539084054
2018-05-01,37.136975131783046
2018-05-01,38.099838196512934
2018-05-01,36.17482901646862
2018-05-01,34.729386250998495
2018-06-01,34.24894209307155
2018-06-01,35.68956359456607
2018-06-01,37.12074623507883
2018-06-01,37.12305947963221
2018-06-01,36.163062990002686
2018-06-01,36.16110708289254
2018-06-01,35.20218035769348
2018-07-01,33.76140347007032
2018-07-01,34.71801907202461
2018-07-01,34.71660291273238
2018-07-01,37.58715963604578
2018-07-01,37.58467951948023
2018-07-01,36.62912603699483
2018-07-01,35.671802355394426
2018-07-01,33.27850689415876
2018-08-01,36.6164041711038
2018-08-01,37.57230646291811
2018-08-01,39.953420271365594
2018-08-01,39.95677122035885
2018-08-01,38.52045074872335
2018-08-01,37.564904576753065
2018-08-01,37.56244092716527
2018-09-01,37.07711883531235
2018-09-01,37.07483958985035
2018-09-01,40.40902763560773
2018-09-01,41.364212766002204
2018-09-01,41.360349884960115
2018-10-01,37.54034971874622
2018-10-01,36.58903288388355
2018-10-01,34.68292713362992
2018-10-01,37.05213924287112
2018-10-01,38.001878173354534
2018-10-01,38.95231544128711
2018-11-01,37.52813997126981
2018-11-01,37.047619173780944
2018-11-01,39.410575660140836
2018-11-01,37.50627513117359
2018-11-01,36.55984753478618
2018-11-01,36.55777431282688
2018-12-01,39.39498084234208
2018-12-01,42.23219193172857
2018-12-01,41.75188639476329
2018-12-01,40.322069477531805
2018-12-01,40.31862420547932
2018-12-01,39.37324382009079
2018-12-01,40.79338269430408
2019-01-01,39.84421263553545
2019-01-01,36.53506863988554
2019-01-01,36.53301351470404
2019-01-01,37.94488451433603
2019-01-01,37.94231560785915
2019-01-01,36.52480797122158
2019-01-01,33.70519485775218
2019-02-01,36.51254434850007
2019-02-01,37.446289015120314
2019-02-01,36.50846834036777
2019-02-01,37.91418072033694
2019-02-01,37.91163413993874
2019-02-01,36.976190273558
2019-03-01,37.91418072033694
2019-03-01,37.91163413993874
2019-03-01,39.3086947946238
2019-03-01,40.70728560794933
2019-03-01,39.76964257308999
2019-03-01,40.70728560794933
2019-03-01,36.022145751844455
2019-04-01,34.620013586641306
2019-04-01,34.15566480072109
2019-04-01,36.014743093924196
2019-04-01,35.08251565484203
2019-04-01,35.08553964221105
2019-04-01,33.687953115814956
2019-04-01,34.15213554089577
2019-04-01,32.28886167796891
2019-05-01,32.286857280075544
2019-05-01,33.21505963627688
2019-05-01,31.82317323407841
2019-05-01,35.5376547923269
2019-05-01,36.0018397573512
2019-05-01,35.54100026955229
2019-05-01,33.21339170783815
2019-05-01,34.60527751006232
2019-06-01,36.464019603735885
2019-06-01,37.86108782151022
2019-06-01,39.24812683456217
2019-06-01,37.85356862466317
2019-06-01,36.45401562518483
2019-06-01,36.45201914153442
2019-07-01,38.30941634480123
2019-07-01,36.90855771558309
2019-07-01,35.98169399667403
2019-07-01,40.15283672465112
2019-07-01,39.22414313982433
2019-07-01,37.831108125615955
2019-07-01,36.440070294223766
2019-07-01,36.43808381441293
2019-08-01,37.811264626378325
2019-08-01,38.27757549496856
2019-08-01,38.274934432230495
2019-08-01,40.1164177878099
2019-08-01,37.806321481643224
2019-08-01,37.34101338144652
2019-09-01,35.50117008625151
2019-09-01,34.11266486939486
2019-09-01,36.412388513863434
2019-09-01,36.41435661353227
2019-09-01,37.79645636195812
2019-09-01,36.87423590281973
2019-10-01,34.10579857328528
2019-10-01,36.40060933228647
2019-10-01,35.022939553628824
2019-10-01,34.55785527808511
2019-10-01,35.47824967771304
2019-10-01,35.47662123260436
2019-10-01,37.32036301684905
2019-11-01,38.68873117829737
2019-11-01,39.13541794808702
2019-11-01,39.13834498638411
2019-11-01,39.132492987914645
2019-11-01,39.13541794808702
2019-12-01,37.29984455663852
2019-12-01,37.74755025834455
2019-12-01,38.20951661937466
2019-12-01,36.82977873356498
2019-12-01,37.745123143531735
2020-01-01,40.024995282824186
2020-01-01,40.028229144014354
2020-01-01,37.730596488173575
2020-01-01,34.989444814226566
2020-02-01,39.54098386060758
2020-02-01,38.17081973325136
2020-02-01,39.083084486369266
2020-02-01,39.54403653670884
2020-02-01,39.528794676654485
2020-02-01,39.53183874912818
2020-02-01,38.62005893617336
2020-03-01,41.796791593437064
2020-03-01,41.32054420715682
2020-03-01,42.684437869725585
2020-03-01,44.493290879135536
2020-03-01,47.218527380356896
2020-03-01,43.55119298935943
2020-03-01,42.65135857760999
2020-03-01,40.83932416494332
2020-04-01,98.71630573165774
2020-04-01,97.69488213267564
2020-04-01,97.71827935754102
2020-04-01,100
2020-04-01,93.50125205133523
2020-04-01,92.49284237910238
2020-05-01,78.52160321614627
2020-05-01,74.85060037225264
2020-05-01,71.64008786400048
2020-05-01,72.96869226014462
2020-05-01,73.0125638838339
2020-05-01,74.85060037225264
2020-06-01,3.4054134513673935
2020-06-01,0
2020-06-01,1.7067168785707145
2020-06-01,0.45950417801753846
2020-06-01,3.4054134513673935
2020-06-01,2.574650428507025
2020-07-01,15.297317974551103
2020-07-01,15.281572529900187
2020-07-01,15.705078652004051
2020-07-01,14.85863601925867
2020-07-01,17.87956500873645
2020-07-01,16.582758580915556
2020-07-01,31.334702536660693
2020-07-01,33.97332612950132
2020-08-01,36.16616281651987
2020-08-01,34.847227087197126
2020-08-01,35.28477908785322
2020-08-01,35.28328522333826
2020-08-01,35.720391098734964
2020-09-01,35.725320852777756
2020-09-01,35.7269663436504
2020-09-01,35.28477908785322
2020-09-01,34.84050926682122
2020-09-01,36.15898982206678
2020-09-01,37.03827725583979
2020-09-01,36.15898982206678
2020-10-01,32.208029418845754
2020-10-01,32.64662571644376
2020-10-01,33.082845603353775
2020-10-01,33.0821037307416
2020-10-01,32.64365822394486
2020-10-01,34.39506988011594
2020-11-01,36.14648395215495
2020-11-01,37.01951843363971
2020-11-01,37.45025419906272
2020-11-01,36.574402709804176
2020-11-01,35.699144615863624
2020-11-01,36.574402709804176
2020-12-01,44.44166652650668
2020-12-01,48.81737433936175
2020-12-01,47.92582691275711
2020-12-01,47.920059888791364
2020-12-01,46.60518202881707
2020-12-01,46.59986582682492
2021-01-01,47.455501767897005
2021-01-01,45.26202411533382
2021-01-01,42.63412706200228
2021-01-01,43.50788604232082
2021-01-01,43.51214256641814
2021-01-01,43.50788604232082
2021-01-01,35.652416388846085
2021-02-01,35.638098829909204
2021-02-01,34.77456636938327
2021-02-01,36.06575827526222
2021-02-01,37.362569261845714
2021-02-01,37.36040718758268
2021-02-01,35.628601579532884
2021-03-01,31.75688840719581
2021-03-01,33.049952280907995
2021-03-01,36.49471640915457
2021-03-01,36.49658770302728
2021-03-01,36.49471640915457
2021-03-01,36.06575827526222
2021-04-01,37.7684030647631
2021-04-01,38.630055029318875
2021-04-01,36.47421440384912
2021-04-01,37.33028924128104
2021-04-01,37.32814869434188
2021-04-01,37.754689866380645
2021-05-01,46.81521134077605
2021-05-01,45.08945692045985
2021-05-01,41.61637772918065
2021-05-01,44.19373894709123
2021-05-01,44.61813805356764
2021-05-01,45.914599308374825
2021-05-01,41.15003104494766
2021-06-01,40.29239767130684
2021-06-01,42.00454987018634
2021-06-01,41.139844727825704
2021-06-01,44.12330963862398
2021-06-01,43.68814699989905
2021-06-01,39.82092040925249
2021-06-01,41.531462302747975
2021-07-01,40.67738148687697
2021-07-01,39.38751560237687
2021-07-01,38.10900725328618
2021-07-01,42.77246395762524
2021-07-01,41.49299067211086
2021-07-01,41.49647658840379
2021-07-01,40.63880806717993
2021-08-01,43.17642530906886
2021-08-01,36.80884022406792
2021-08-01,36.80690342908522
2021-08-01,40.181632336974346
2021-08-01,40.60053767925824
2021-08-01,40.603715391287395
2021-08-01,40.597362046883404
2021-09-01,43.55415192970257
2021-09-01,38.040802864233285
2021-09-01,41.82701285398381
2021-09-01,43.93342050392661
2021-09-01,43.088306051510685
2021-09-01,40.54369251633286
2021-10-01,43.50873711735287
2021-10-01,42.66403668444758
2021-10-01,41.37241151295905
2021-10-01,44.71593976839704
2021-10-01,46.39614344929307
2021-10-01,45.967419082782015
2021-11-01,38.41695576176126
2021-11-01,42.599166406814696
2021-11-01,43.81957328052085
2021-11-01,42.55380454144749
2021-11-01,43.39055455603371
2021-12-01,45.46830439128832
2021-12-01,49.21551848394095
2021-12-01,48.804945968745386
2021-12-01,47.93892270505468
2021-12-01,42.91194393613796
2021-12-01,42.07246682883961
2022-01-01,50.75904722808079
2022-01-01,53.32837007444455
2022-01-01,49.12132972639938
2022-01-01,47.406104826649866
2022-01-01,46.575569104681634
2022-02-01,44.50808494361734
2022-02-01,42.8351880192166
2022-02-01,40.33782995134096
2022-02-01,41.986985668711405
2022-02-01,40.74208125568659
2022-03-01,44.443058129279
2022-03-01,44.84913721074516
2022-03-01,39.046558527303496
2022-03-01,41.92023481980234
2022-03-01,41.51528639832131
2022-04-01,39.8616338658256
2022-04-01,40.67980246938935
2022-04-01,45.590390108331505
2022-04-01,45.173165165987925
2022-04-01,44.344548227696464
2022-05-01,43.11420938732096
2022-05-01,43.92465313068782
2022-05-01,44.30216328257948
2022-05-01,44.29371833256965
2022-05-01,41.83018292799577
2022-06-01,40.61219947278094
2022-06-01,43.04893192906516
2022-06-01,41.4185941043082
2022-06-01,43.842865007721166
2022-06-01,41.38894316484076
2022-07-01,43.80639441655024
2022-07-01,42.99569545377791
2022-07-01,43.80639441655024
2022-07-01,45.00351548465332
2022-07-01,42.55588243101164
2022-08-01,42.14679209358956
2022-08-01,44.14763516694122
2022-08-01,45.361359794019684
2022-09-01,44.540704278965926
2022-09-01,46.1507358861372
2022-09-01,44.91583549495436
2022-09-01,44.506803908439295
2022-09-01,42.080548290652
2022-10-01,43.682331097421745
2022-10-01,45.67564430269196
2022-10-01,41.66107717813656
2022-10-01,43.24829079403049
2022-10-01,44.439506015898864
2022-11-01,46.397693599384894
2022-11-01,42.41929706202918
2022-11-01,44.39778173717473
2022-11-01,44.38531453810251
2022-11-01,43.17994012027257
2022-12-01,41.987743107796774
2022-12-01,45.944524840749004
2022-12-01,44.3480506999922
2022-12-01,42.74361440561769
2022-12-01,45.130620885461084
2023-01-01,45.49915510267276
2023-01-01,43.116077644850606
2023-01-01,38.75102542162377
2023-01-01,44.286399712100824
2023-01-01,40.72081770208762
2023-02-01,41.10448100095859
2023-02-01,41.49389420802706
2023-02-01,43.85691860332454
2023-02-01,39.89913277678397
2023-03-01,41.07657149830645
2023-03-01,41.07039009796908
2023-03-01,44.58405079606984
2023-03-01,40.65240253742532
2023-04-01,44.563317312801225
2023-04-01,42.99764980714967
2023-04-01,41.42018509145118
2023-04-01,46.10688661470959
2023-04-01,43.75116155785678
2023-05-01,43.74339631689278
2023-05-01,42.95019159277689
2023-05-01,42.1690885523081
2023-05-01,44.88179047162278
2023-05-01,43.32030295290325
2023-06-01,41.344356475784636
2023-06-01,43.290436371627095
2023-06-01,44.033519778674304
2023-06-01,44.8188472433169
2023-07-01,46.36121183521529
2023-07-01,42.07469503093034
2023-07-01,47.095610411576835
2023-08-01,45.544005686089676
2023-08-01,44.37950438761225
2023-08-01,45.1542628315553
2023-08-01,45.116002211637166
2023-08-01,45.12448681609394
2023-09-01,42.411960423851575
2023-09-01,43.55603561226002
2023-09-01,38.92840888253537
2023-09-01,43.139596395251104
2023-09-01,40.44709180385399
2023-10-01,41.21425296080851
2023-10-01,36.22871976094156
2023-10-01,37.75646441520785
2023-10-01,41.95235876181235
2023-10-01,40.424498576978166
2023-11-01,38.11839178601722
2023-11-01,39.64409605417218
2023-11-01,44.212351091179826
2023-11-01,40.773518918884434
2023-12-01,44.58070615164168
2023-12-01,44.16144985703187
2023-12-01,44.16925547322169
2023-12-01,42.64883193150979
2024-01-01,52.51892872322937
2024-01-01,50.61055975660456
2024-01-01,46.3945463628382
2024-01-01,46.0298426868152
2024-02-01,48.662654834168045
2024-02-01,47.51885101148322
2024-02-01,42.569860381361494
2024-03-01,49.746955301085045
2024-03-01,46.31766319950215
2024-03-01,43.27600723166256
2024-03-01,43.283217599798476
2024-04-01,47.42679683733019
2024-04-01,39.10388509959365
2024-04-01,39.48443721075913
2024-05-01,45.83688480447148
2024-05-01,46.97610420170597
2024-05-01,42.455044680425644
2024-05-01,43.20436254364426
2024-06-01,48.06312297709687
2024-06-01,42.043470012702315
2024-06-01,42.79007640272977
2024-07-01,45.01618064486712
2024-08-01,50.97317721739814
2024-08-01,48.70127250838014
2024-08-01,47.57882905760359
2024-08-01,48.70127250838014
2024-09-01,47.511924922737656
2024-09-01,46.7779801731777
2024-10-01,52.33055731427573
2024-10-01,52.69387256096512
2024-10-01,47.83749537126527
2024-10-01,48.947545852501726
2024-11-01,53.36195957643304
2024-11-01,50.00905455450761
2024-11-01,45.53984544736635
2024-12-01,47.726891092164934
2024-12-01,48.46366405687093
2024-12-01,47.36099791933716
2025-01-01,49.487751986398706
2025-01-01,49.13868156258357
2025-02-01,47.9812415352049
2025-02-01,46.51835047988475
2025-02-01,46.8906817654311
2025-03-01,49.788185550587386
2025-03-01,45.73734054303099
2025-04-01,47.91883336630612
2025-04-01,48.27126122124141
2025-04-01,44.98171835783832
2025-05-01,50.39391410149976
2025-05-01,50.40484353477307
2025-05-01,43.83293904880527
2025-06-01,47.80480805863636
2025-06-01,44.88762931882406
2025-06-01,45.2543865720201
2025-07-01,50.28528953905188
2025-07-01,46.29269149167218
2025-08-01,49.14708888486494
