date,inflation_yoy
2006-04-01,0.6006006006005871
2006-04-01,0.6006006006005871
2006-04-01,0.6006006006005871
2006-04-01,0.6006006006005871
2006-05-01,1.0510510510510551
2006-05-01,1.0510510510510551
2006-05-01,0.4477611940298498
2006-05-01,0.4477611940298498
2006-05-01,0.4477611940298498
2006-06-01,0.6467661691542448
2006-06-01,0.6467661691542448
2006-06-01,0.6467661691542448
2006-06-01,0.6467661691542448
2006-06-01,0.1981178801386818
2006-06-01,0.1981178801386818
2006-06-01,0.1981178801386818
2006-07-01,0.6438831104507159
2006-07-01,0.6438831104507159
2006-07-01,0.6438831104507159
2006-07-01,0.44488383588727753
2006-07-01,0.44488383588727753
2006-08-01,0.6920415224913379
2006-08-01,0.6920415224913379
2006-08-01,0.6920415224913379
2006-08-01,0.6920415224913379
2006-08-01,0.24606299212599492
2006-08-01,0.24606299212599492
2006-09-01,-0.24606299212598381
2006-09-01,-0.24606299212598381
2006-09-01,-0.24606299212598381
2006-09-01,-0.4909180166912108
2006-09-01,-0.4909180166912108
2006-10-01,-0.9818360333824216
2006-10-01,-0.9818360333824216
2006-10-01,-0.9818360333824216
2006-10-01,-0.9818360333824216
2006-10-01,-0.49333991119882015
2006-10-01,-0.49333991119882015
2006-10-01,-0.49333991119882015
2006-11-01,-0.49333991119882015
2006-11-01,-0.49333991119882015
2006-11-01,0
2006-11-01,0
2006-11-01,0
2006-11-01,0
2006-12-01,0.5453644025781079
2006-12-01,0.5453644025781079
2006-12-01,0.5453644025781079
2006-12-01,0.5453644025781079
2006-12-01,0.5453644025781079
2007-01-01,0.7203767972236097
2007-01-01,0.7203767972236097
2007-01-01,0.7203767972236097
2007-01-01,0.17406311637080396
2007-01-01,0.17406311637080396
2007-01-01,0.17406311637080396
2007-02-01,0.5453648915187292
2007-02-01,0.5453648915187292
2007-02-01,0.5453648915187292
2007-02-01,0.3706565987211752
2007-02-01,0.3706565987211752
2007-03-01,0.9810339990056649
2007-03-01,0.9810339990056649
2007-03-01,0.9810339990056649
2007-03-01,0.6081233509558137
2007-03-01,0.6081233509558137
2007-03-01,0.6081233509558137
2007-04-01,1.0264533657665664
2007-04-01,1.0264533657665664
2007-04-01,1.0264533657665664
2007-04-01,0.4158014292260148
2007-04-01,0.4158014292260148
2007-04-01,0.4158014292260148
2007-05-01,1.0923927349302476
2007-05-01,1.0923927349302476
2007-05-01,1.0923927349302476
2007-05-01,0.6737896785906861
2007-06-01,0.8665090607235859
2007-06-01,0.8665090607235859
2007-07-01,0.9849562376516463
2007-07-01,0.9849562376516463
2007-07-01,0.9849562376516463
2007-07-01,0.30908398308475693
2007-07-01,0.30908398308475693
2007-08-01,0.16924879572972618
2007-08-01,-0.022138374465785482
2007-08-01,-0.022138374465785482
2007-08-01,-0.022138374465785482
2007-08-01,-0.13940431095813555
2007-09-01,0.1269059934239758
2007-09-01,0.1269059934239758
2007-09-01,0.1269059934239758
2007-09-01,0.1269059934239758
2007-09-01,0.2666820706851869
2007-09-01,0.2666820706851869
2007-09-01,0.2666820706851869
2007-10-01,0.5608025493650581
2007-10-01,0.5608025493650581
2007-10-01,0.2933381982985317
2007-10-01,0.2933381982985317
2007-10-01,0.2933381982985317
2007-10-01,0.2933381982985317
2007-11-01,1.0912565052906498
2007-11-01,1.0912565052906498
2007-11-01,1.0912565052906498
2007-11-01,0.795584553596651
2007-11-01,0.795584553596651
2007-12-01,1.0804057385485066
2007-12-01,1.0804057385485066
2007-12-01,1.0804057385485066
2007-12-01,1.0804057385485066
2007-12-01,0.28257307719705693
2007-12-01,0.28257307719705693
2007-12-01,0.28257307719705693
2008-01-01,0.9265547455654888
2008-01-01,0.9265547455654888
2008-01-01,0.6421670770979437
2008-01-01,0.6421670770979437
2008-01-01,0.6421670770979437
2008-01-01,0.6421670770979437
2008-02-01,0.6682136768327407
2008-02-01,0.6682136768327407
2008-02-01,0.6682136768327407
2008-02-01,0.025880404298983528
2008-02-01,0.025880404298983528
2008-02-01,0.025880404298983528
2008-03-01,0.3693839522671327
2008-03-01,0.3693839522671327
2008-03-01,0.3693839522671327
2008-03-01,0.343414670862896
2008-03-01,0.343414670862896
2008-03-01,0.343414670862896
2008-03-01,0.343414670862896
2008-04-01,0.551345197604558
2008-04-01,0.551345197604558
2008-04-01,0.551345197604558
2008-04-01,0.2072189066155472
2008-04-01,0.2072189066155472
2008-04-01,0.2072189066155472
2008-04-01,0.2072189066155472
2008-05-01,0.8584113529706894
2008-05-01,0.8584113529706894
2008-05-01,0.8584113529706894
2008-05-01,0.6498458429047949
2008-05-01,0.6498458429047949
2008-06-01,1.7123367782804655
2008-06-01,1.7123367782804655
2008-06-01,1.7123367782804655
2008-06-01,1.055630961456222
2008-06-01,1.055630961456222
2008-06-01,1.055630961456222
2008-06-01,1.055630961456222
2008-07-01,1.882100291913802
2008-07-01,1.882100291913802
2008-07-01,0.8178360004231777
2008-07-01,0.8178360004231777
2008-07-01,0.8178360004231777
2008-07-01,0.8178360004231777
2008-07-01,0.8178360004231777
2008-08-01,0.6793834491704454
2008-08-01,0.6793834491704454
2008-08-01,0.6793834491704454
2008-08-01,-0.1373294218020793
2008-08-01,-0.1373294218020793
2008-09-01,-0.1678977648610136
2008-09-01,-0.1678977648610136
2008-09-01,-0.1678977648610136
2008-09-01,-0.1678977648610136
2008-09-01,-0.030610380116957714
2008-10-01,-0.9914108187134452
2008-10-01,-0.9914108187134452
2008-10-01,-0.9914108187134452
2008-10-01,-0.9914108187134452
2008-11-01,-2.62918565167517
2008-11-01,-2.62918565167517
2008-11-01,-2.62918565167517
2008-11-01,-2.62918565167517
2008-11-01,-2.62918565167517
2008-11-01,-1.6842785289096107
2008-11-01,-1.6842785289096107
2008-12-01,-2.4087490194268812
2008-12-01,-2.4087490194268812
2008-12-01,-0.7368816295879044
2008-12-01,-0.7368816295879044
2009-01-01,-0.41584530179291646
2009-01-01,-0.41584530179291646
2009-01-01,-0.41584530179291646
2009-01-01,-0.41584530179291646
2009-01-01,0.32341954702350684
2009-01-01,0.32341954702350684
2009-01-01,0.32341954702350684
2009-02-01,0.717291597711478
2009-02-01,0.717291597711478
2009-02-01,0.39260229811381997
2009-02-01,0.39260229811381997
2009-02-01,0.39260229811381997
2009-02-01,0.39260229811381997
2009-03-01,0.25450809241471806
2009-03-01,0.25450809241471806
2009-03-01,0.25450809241471806
2009-03-01,-0.13755416488659966
2009-03-01,-0.13755416488659966
2009-03-01,-0.13755416488659966
2009-04-01,-0.15774129488702604
2009-04-01,-0.15774129488702604
2009-04-01,-0.15774129488702604
2009-04-01,-0.15774129488702604
2009-04-01,-0.02021493648749484
2009-05-01,0.07615859792962087
2009-05-01,0.07615859792962087
2009-05-01,0.07615859792962087
2009-05-01,0.07615859792962087
2009-05-01,0.07615859792962087
2009-05-01,0.07615859792962087
2009-06-01,0.8407352201287521
2009-06-01,0.8407352201287521
2009-06-01,0.8407352201287521
2009-06-01,0.8407352201287521
2009-06-01,0.8407352201287521
2009-06-01,0.8407352201287521
2009-06-01,0.7436253969447026
2009-06-01,0.7436253969447026
2009-07-01,0.7483229673612701
2009-07-01,0.7483229673612701
2009-07-01,0.7483229673612701
2009-07-01,0.7483229673612701
2009-08-01,0.4518346164068543
2009-08-01,0.4518346164068543
2009-08-01,0.4518346164068543
2009-08-01,0.4518346164068543
2009-08-01,0.4518346164068543
2009-08-01,0.4518346164068543
2009-08-01,0.4518346164068543
2009-09-01,0.6210977389617511
2009-09-01,0.6164061006485699
2009-09-01,0.6164061006485699
2009-09-01,0.6164061006485699
2009-09-01,0.6164061006485699
2009-09-01,0.16850177321425797
2009-09-01,0.16850177321425797
2009-09-01,0.16850177321425797
2009-10-01,0.44423194756484374
2009-10-01,0.44423194756484374
2009-10-01,0.44423194756484374
2009-10-01,0.44423194756484374
2009-10-01,0.2752663456770721
2009-10-01,0.2752663456770721
2009-11-01,0.6761171689273482
2009-11-01,0.6761171689273482
2009-11-01,0.6761171689273482
2009-11-01,0.6761171689273482
2009-11-01,0.6761171689273482
2009-11-01,0.6761171689273482
2009-11-01,0.39975044480902167
2009-11-01,0.39975044480902167
2009-11-01,0.39975044480902167
2009-12-01,0.5342329643921673
2009-12-01,0.5342329643921673
2009-12-01,0.5342329643921673
2009-12-01,0.13394706559264336
2009-12-01,0.13394706559264336
2009-12-01,0.13394706559264336
2009-12-01,0.13394706559264336
2010-01-01,0.15512082853854636
2010-01-01,0.15512082853854636
2010-01-01,0.15512082853854636
2010-01-01,0.15512082853854636
2010-01-01,0.15512082853854636
2010-01-01,0.021145439250536135
2010-02-01,0.022984173098405947
2010-02-01,0.022984173098405947
2010-02-01,0.022984173098405947
2010-02-01,0.022984173098405947
2010-02-01,0.022984173098405947
2010-02-01,0.022984173098405947
2010-02-01,0.0018383451217296454
2010-03-01,0.06526125182111375
2010-03-01,0.06526125182111375
2010-03-01,0.06526125182111375
2010-03-01,0.06526125182111375
2010-03-01,0.06526125182111375
2010-03-01,0.06342174078890483
2010-03-01,0.06342174078890483
2010-04-01,-0.005514933981642933
2010-04-01,-0.005514933981642933
2010-04-01,-0.005514933981642933
2010-04-01,-0.005514933981642933
2010-04-01,-0.005514933981642933
2010-04-01,-0.06889298164232116
2010-05-01,-0.23193970486248272
2010-05-01,-0.23193970486248272
2010-05-01,-0.23193970486248272
2010-05-01,-0.23193970486248272
2010-05-01,-0.23193970486248272
2010-06-01,-0.36742923542569805
2010-06-01,-0.29874206610013276
2010-06-01,-0.29874206610013276
2010-06-01,-0.29874206610013276
2010-07-01,0.008272857215074758
2010-07-01,0.008272857215074758
2010-07-01,0.008272857215074758
2010-07-01,0.17171214967039994
2010-07-01,0.17171214967039994
2010-08-01,0.42628807129967417
2010-08-01,0.42628807129967417
2010-08-01,0.42628807129967417
2010-08-01,0.5628569716358722
2010-09-01,0.6651946028424005
2010-09-01,0.6651946028424005
2010-09-01,0.6651946028424005
2010-09-01,0.3561629985707526
2010-09-01,0.3561629985707526
2010-10-01,0.589162534409926
2010-10-01,0.589162534409926
2010-10-01,0.589162534409926
2010-10-01,0.334173733669485
2010-11-01,0.4565665826266274
2010-11-01,0.4565665826266274
2010-11-01,0.4565665826266274
2010-12-01,0.8609162346820964
2010-12-01,0.8609162346820964
2010-12-01,0.8609162346820964
2010-12-01,0.8609162346820964
2010-12-01,0.8609162346820964
2010-12-01,0.6272872226207316
2010-12-01,0.6272872226207316
2011-01-01,0.9973547028266916
2011-01-01,0.9973547028266916
2011-01-01,0.8743029760981402
2011-01-01,0.8743029760981402
2011-01-01,0.8743029760981402
2011-01-01,0.3677605651708049
2011-01-01,0.3677605651708049
2011-01-01,0.3677605651708049
2011-01-01,0.3677605651708049
2011-02-01,0.9162232352033062
2011-02-01,0.9162232352033062
2011-02-01,0.9162232352033062
2011-02-01,0.546453031276295
2011-02-01,0.546453031276295
2011-03-01,1.0983344039228848
2011-03-01,1.0983344039228848
2011-03-01,1.0983344039228848
2011-03-01,1.0983344039228848
2011-03-01,1.0983344039228848
2011-03-01,1.0983344039228848
2011-03-01,1.0983344039228848
2011-03-01,0.5488819903720632
2011-03-01,0.5488819903720632
2011-03-01,0.5488819903720632
2011-04-01,0.9731407747334275
2011-04-01,0.9731407747334275
2011-04-01,0.42194281623337826
2011-04-01,0.42194281623337826
2011-04-01,0.42194281623337826
2011-04-01,0.42194281623337826
2011-04-01,0.42194281623337826
2011-04-01,0.42194281623337826
2011-04-01,0.42194281623337826
2011-05-01,0.587945769385656
2011-05-01,0.587945769385656
2011-05-01,0.587945769385656
2011-05-01,0.16530545864468227
2011-05-01,0.16530545864468227
2011-05-01,0.16530545864468227
2011-05-01,0.16530545864468227
2011-05-01,0.16530545864468227
2011-06-01,-0.057478178342751374
2011-06-01,-0.057478178342751374
2011-06-01,-0.057478178342751374
2011-06-01,-0.057478178342751374
2011-06-01,-0.22241597124605939
2011-06-01,-0.22241597124605939
2011-06-01,-0.22241597124605939
2011-07-01,0.27624063628761686
2011-07-01,0.27624063628761686
2011-07-01,0.27624063628761686
2011-07-01,0.27624063628761686
2011-07-01,0.27624063628761686
2011-07-01,0.49976817176689003
2011-08-01,0.8755974035237868
2011-08-01,0.8755974035237868
2011-08-01,0.8755974035237868
2011-08-01,0.8755974035237868
2011-08-01,0.8755974035237868
2011-08-01,0.8755974035237868
2011-08-01,0.37396029721636914
2011-08-01,0.37396029721636914
2011-09-01,0.678717977154264
2011-09-01,0.678717977154264
2011-09-01,0.678717977154264
2011-09-01,0.678717977154264
2011-09-01,0.3036222532571964
2011-09-01,0.3036222532571964
2011-09-01,0.3036222532571964
2011-09-01,0.3036222532571964
2011-09-01,0.3036222532571964
2011-10-01,0.21876712570934043
2011-10-01,0.21876712570934043
2011-10-01,0.21876712570934043
2011-10-01,-0.08459826837919904
2011-10-01,-0.08459826837919904
2011-10-01,-0.08459826837919904
2011-10-01,-0.08459826837919904
2011-11-01,-0.10354475556828557
2011-11-01,-0.10354475556828557
2011-11-01,-0.10354475556828557
2011-11-01,-0.10354475556828557
2011-11-01,-0.10354475556828557
2011-11-01,-0.01896252916040453
2011-11-01,-0.01896252916040453
2011-11-01,-0.01896252916040453
2011-12-01,-0.007055824803869903
2011-12-01,-0.007055824803869903
2011-12-01,-0.007055824803869903
2011-12-01,-0.007055824803869903
2011-12-01,0.011908962597040329
2011-12-01,0.011908962597040329
2011-12-01,0.011908962597040329
2012-01-01,0.3462420606916039
2012-01-01,0.3462420606916039
2012-01-01,0.3462420606916039
2012-01-01,0.3462420606916039
2012-01-01,0.3462420606916039
2012-01-01,0.3342932872320237
2012-01-01,0.3342932872320237
2012-01-01,0.3342932872320237
2012-01-01,0.3342932872320237
2012-02-01,0.7435600029989331
2012-02-01,0.7435600029989331
2012-02-01,0.7435600029989331
2012-02-01,0.4079031230082908
2012-02-01,0.4079031230082908
2012-02-01,0.4079031230082908
2012-02-01,0.4079031230082908
2012-02-01,0.4079031230082908
2012-02-01,0.4079031230082908
2012-03-01,0.7002043911122913
2012-03-01,0.7002043911122913
2012-03-01,0.7002043911122913
2012-03-01,0.29111380579864843
2012-03-01,0.29111380579864843
2012-04-01,0.32569725039726105
2012-04-01,0.32569725039726105
2012-04-01,0.32569725039726105
2012-04-01,0.32569725039726105
2012-04-01,0.32569725039726105
2012-04-01,0.32569725039726105
2012-04-01,0.32569725039726105
2012-04-01,0.03448305965132459
2012-04-01,0.03448305965132459
2012-05-01,-0.24923831722669654
2012-05-01,-0.24923831722669654
2012-05-01,-0.24923831722669654
2012-05-01,-0.2836235747915361
2012-05-01,-0.2836235747915361
2012-05-01,-0.2836235747915361
2012-05-01,-0.2836235747915361
2012-05-01,-0.2836235747915361
2012-05-01,-0.2836235747915361
2012-05-01,-0.2836235747915361
2012-05-01,-0.2836235747915361
2012-06-01,-0.24391627432072127
2012-06-01,0.03982024005917406
2012-06-01,0.03982024005917406
2012-06-01,0.03982024005917406
2012-06-01,0.03982024005917406
2012-07-01,0.08576667089665868
2012-07-01,0.08576667089665868
2012-07-01,0.08576667089665868
2012-07-01,0.08576667089665868
2012-07-01,0.08576667089665868
2012-07-01,0.08576667089665868
2012-07-01,0.08576667089665868
2012-07-01,0.045928142141038464
2012-07-01,0.045928142141038464
2012-07-01,0.045928142141038464
2012-08-01,0.6491177422600192
2012-08-01,0.6491177422600192
2012-08-01,0.6029126935201079
2012-08-01,0.6029126935201079
2012-08-01,0.6029126935201079
2012-08-01,0.6029126935201079
2012-08-01,0.6029126935201079
2012-08-01,0.6029126935201079
2012-08-01,0.6029126935201079
2012-08-01,0.6029126935201079
2012-09-01,1.1765323120105808
2012-09-01,1.1765323120105808
2012-09-01,0.5701819193227209
2012-09-01,0.5701819193227209
2012-09-01,0.5701819193227209
2012-09-01,0.5701819193227209
2012-09-01,0.5701819193227209
2012-10-01,0.7166387080512093
2012-10-01,0.7166387080512093
2012-10-01,0.7166387080512093
2012-10-01,0.7166387080512093
2012-10-01,0.7166387080512093
2012-10-01,0.145626453023584
2012-11-01,-0.1680970036384899
2012-11-01,-0.1680970036384899
2012-11-01,-0.1680970036384899
2012-11-01,-0.1680970036384899
2012-11-01,-0.1680970036384899
2012-12-01,-0.18797479841322629
2012-12-01,-0.33311614620864516
2012-12-01,-0.33311614620864516
2012-12-01,-0.33311614620864516
2012-12-01,-0.33311614620864516
2012-12-01,-0.33311614620864516
2012-12-01,-0.33311614620864516
2012-12-01,-0.01991126501460494
2013-01-01,0.0748836705984246
2013-01-01,0.0748836705984246
2013-01-01,0.0748836705984246
2013-01-01,0.0748836705984246
2013-01-01,0.09481381424285562
2013-01-01,0.09481381424285562
2013-01-01,0.09481381424285562
2013-01-01,0.09481381424285562
2013-02-01,0.7753951657943015
2013-02-01,0.7753951657943015
2013-02-01,0.7753951657943015
2013-02-01,0.7753951657943015
2013-02-01,0.6799366776529148
2013-02-01,0.6799366776529148
2013-02-01,0.6799366776529148
2013-02-01,0.6799366776529148
2013-02-01,0.6799366776529148
2013-02-01,0.6799366776529148
2013-03-01,0.49394890959264526
2013-03-01,0.49394890959264526
2013-03-01,-0.1847317094127332
2013-03-01,-0.1847317094127332
2013-03-01,-0.1847317094127332
2013-03-01,-0.1847317094127332
2013-03-01,-0.1847317094127332
2013-03-01,-0.1847317094127332
2013-04-01,-0.5520470851054671
2013-04-01,-0.5520470851054671
2013-04-01,-0.5520470851054671
2013-04-01,-0.5520470851054671
2013-04-01,-0.36799517947834204
2013-04-01,-0.36799517947834204
2013-04-01,-0.36799517947834204
2013-04-01,-0.36799517947834204
2013-04-01,-0.36799517947834204
2013-05-01,-0.21907549281225958
2013-05-01,-0.21907549281225958
2013-05-01,-0.21907549281225958
2013-05-01,0.14946972806011427
2013-05-01,0.14946972806011427
2013-05-01,0.14946972806011427
2013-06-01,0.6302784197680156
2013-06-01,0.6302784197680156
2013-06-01,0.6302784197680156
2013-06-01,0.6302784197680156
2013-06-01,0.6302784197680156
2013-06-01,0.6302784197680156
2013-06-01,0.48009110084501483
2013-06-01,0.48009110084501483
2013-06-01,0.48009110084501483
2013-07-01,0.6414155138872779
2013-07-01,0.6414155138872779
2013-07-01,0.6414155138872779
2013-07-01,0.16055360945121944
2013-07-01,0.16055360945121944
2013-07-01,0.16055360945121944
2013-07-01,0.16055360945121944
2013-08-01,0.24984545641872913
2013-08-01,0.24984545641872913
2013-08-01,0.24984545641872913
2013-08-01,0.24984545641872913
2013-08-01,0.24984545641872913
2013-08-01,0.08914871548701964
2013-08-01,0.08914871548701964
2013-08-01,0.08914871548701964
2013-08-01,0.08914871548701964
2013-09-01,0.269589144429494
2013-09-01,0.269589144429494
2013-09-01,0.269589144429494
2013-09-01,0.18027971189502612
2013-09-01,0.18027971189502612
2013-09-01,0.18027971189502612
2013-09-01,0.18027971189502612
2013-09-01,0.18027971189502612
2013-10-01,0.12075743172066389
2013-10-01,0.12075743172066389
2013-10-01,0.12075743172066389
2013-10-01,0.12075743172066389
2013-10-01,-0.059415166683052245
2013-11-01,-0.025646834539450047
2013-11-01,-0.025646834539450047
2013-11-01,-0.025646834539450047
2013-12-01,0.2714289988758001
2013-12-01,0.2714289988758001
2013-12-01,0.2714289988758001
2013-12-01,0.2714289988758001
2013-12-01,0.33104085403408146
2013-12-01,0.33104085403408146
2013-12-01,0.33104085403408146
2013-12-01,0.33104085403408146
2014-01-01,0.4811640320262711
2014-01-01,0.44722451440224464
2014-01-01,0.44722451440224464
2014-01-01,0.44722451440224464
2014-01-01,0.1496278486840419
2014-01-01,0.1496278486840419
2014-02-01,0.25023232814112006
2014-02-01,0.25023232814112006
2014-02-01,0.25023232814112006
2014-02-01,0.25023232814112006
2014-02-01,0.25023232814112006
2014-02-01,0.25023232814112006
2014-03-01,0.3009368628502651
2014-03-01,0.3009368628502651
2014-03-01,0.3009368628502651
2014-03-01,0.3009368628502651
2014-03-01,0.3009368628502651
2014-03-01,0.3009368628502651
2014-03-01,0.20028149968744913
2014-03-01,0.20028149968744913
2014-03-01,0.20028149968744913
2014-03-01,0.20028149968744913
2014-04-01,0.4613703336749264
2014-04-01,0.4613703336749264
2014-04-01,0.26056696655916145
2014-05-01,0.6123748090307357
2014-05-01,0.6123748090307357
2014-05-01,0.6123748090307357
2014-05-01,0.6123748090307357
2014-06-01,0.871244270921756
2014-06-01,0.871244270921756
2014-06-01,0.871244270921756
2014-06-01,0.871244270921756
2014-06-01,0.871244270921756
2014-06-01,0.6090902164619605
2014-06-01,0.6090902164619605
2014-06-01,0.6090902164619605
2014-06-01,0.25729385911263947
2014-07-01,0.34840119283119364
2014-07-01,0.34840119283119364
2014-07-01,0.34840119283119364
2014-07-01,0.09087352172760799
2014-07-01,0.09087352172760799
2014-07-01,0.09087352172760799
2014-07-01,0.09087352172760799
2014-08-01,-0.11148834841582245
2014-08-01,-0.11148834841582245
2014-08-01,-0.11148834841582245
2014-08-01,-0.11148834841582245
2014-08-01,-0.11148834841582245
2014-09-01,-0.11601074360363395
2014-09-01,-0.11601074360363395
2014-09-01,-0.11601074360363395
2014-09-01,-0.11601074360363395
2014-09-01,-0.11601074360363395
2014-09-01,-0.11601074360363395
2014-09-01,-0.11601074360363395
2014-09-01,0.08634196472194766
2014-10-01,0.09013258756338516
2014-10-01,0.09013258756338516
2014-10-01,0.09013258756338516
2014-10-01,0.09013258756338516
2014-11-01,-0.2529110014181546
2014-11-01,-0.2529110014181546
2014-11-01,-0.2529110014181546
2014-11-01,-0.2529110014181546
2014-11-01,-0.2529110014181546
2014-12-01,-0.6244923895250221
2014-12-01,-0.6244923895250221
2014-12-01,-0.6244923895250221
2014-12-01,-0.6282559480226491
2014-12-01,-0.6282559480226491
2014-12-01,-0.6282559480226491
2014-12-01,-0.6282559480226491
2014-12-01,-0.3725235411252581
2015-01-01,-0.993536737655687
2015-01-01,-0.993536737655687
2015-01-01,-0.993536737655687
2015-01-01,-0.993536737655687
2015-01-01,-0.6233352671406678
2015-01-01,-0.6233352671406678
2015-02-01,-0.40779338468509563
2015-02-01,-0.40779338468509563
2015-02-01,-0.40779338468509563
2015-02-01,-0.40779338468509563
2015-02-01,-0.40779338468509563
2015-02-01,-0.40779338468509563
2015-02-01,0.2168938583670288
2015-02-01,0.2168938583670288
2015-03-01,0.45296300873116646
2015-03-01,0.45296300873116646
2015-03-01,0.45296300873116646
2015-03-01,0.45296300873116646
2015-03-01,0.23555823901082462
2015-03-01,0.23555823901082462
2015-03-01,0.23555823901082462
2015-03-01,0.23555823901082462
2015-03-01,0.23555823901082462
2015-03-01,0.23555823901082462
2015-04-01,0.3384555203115758
2015-04-01,0.3384555203115758
2015-04-01,0.10265546788834623
2015-04-01,0.10265546788834623
2015-04-01,0.10265546788834623
2015-04-01,0.10265546788834623
2015-04-01,0.10265546788834623
2015-05-01,0.5476372274539676
2015-05-01,0.5476372274539676
2015-05-01,0.5476372274539676
2015-05-01,0.5476372274539676
2015-05-01,0.5476372274539676
2015-05-01,0.44452542990567334
2015-05-01,0.44452542990567334
2015-06-01,0.7644650863201541
2015-06-01,0.7644650863201541
2015-06-01,0.7644650863201541
2015-06-01,0.7644650863201541
2015-06-01,0.7644650863201541
2015-06-01,0.3185237374014438
2015-06-01,0.3185237374014438
2015-06-01,0.3185237374014438
2015-07-01,0.4505739755559235
2015-07-01,0.4505739755559235
2015-07-01,0.4505739755559235
2015-07-01,0.4505739755559235
2015-07-01,0.1316309622938272
2015-07-01,0.1316309622938272
2015-07-01,0.1316309622938272
2015-07-01,0.1316309622938272
2015-07-01,0.1316309622938272
2015-08-01,0.06097919978469424
2015-08-01,0.06097919978469424
2015-08-01,0.06097919978469424
2015-08-01,-0.07055888516960263
2015-08-01,-0.07055888516960263
2015-08-01,-0.07055888516960263
2015-08-01,-0.07055888516960263
2015-09-01,-0.223856463067873
2015-09-01,-0.223856463067873
2015-09-01,-0.223856463067873
2015-09-01,-0.223856463067873
2015-09-01,-0.223856463067873
2015-09-01,-0.15340581933418473
2015-10-01,0.04665218067423371
2015-10-01,0.04665218067423371
2015-10-01,0.04665218067423371
2015-10-01,0.04665218067423371
2015-10-01,0.04665218067423371
2015-10-01,0.04665218067423371
2015-10-01,0.2003653721492027
2015-10-01,0.2003653721492027
2015-10-01,0.2003653721492027
2015-11-01,0.22940993239772833
2015-11-01,0.22940993239772833
2015-11-01,0.22940993239772833
2015-11-01,0.028986481377235584
2015-11-01,0.028986481377235584
2015-11-01,0.028986481377235584
2015-12-01,-0.08191831693565854
2015-12-01,-0.08191831693565854
2015-12-01,-0.08191831693565854
2015-12-01,-0.08191831693565854
2015-12-01,-0.08191831693565854
2015-12-01,-0.08191831693565854
2015-12-01,-0.11087266022988818
2015-12-01,-0.11087266022988818
2016-01-01,-0.0016798887913616056
2016-01-01,-0.0016798887913616056
2016-01-01,-0.0016798887913616056
2016-01-01,-0.0016798887913616056
2016-01-01,0.10931397074589455
2016-01-01,0.10931397074589455
2016-01-01,0.10931397074589455
2016-01-01,0.10931397074589455
2016-02-01,-0.05886136886318338
2016-02-01,-0.05886136886318338
2016-02-01,-0.05886136886318338
2016-02-01,-0.05886136886318338
2016-02-01,-0.16799170120995743
2016-02-01,-0.16799170120995743
2016-02-01,-0.16799170120995743
2016-02-01,-0.16799170120995743
2016-03-01,-0.07853612031566426
2016-03-01,-0.07853612031566426
2016-03-01,-0.07853612031566426
2016-03-01,-0.07853612031566426
2016-04-01,0.4976715031530299
2016-04-01,0.4976715031530299
2016-04-01,0.4976715031530299
2016-04-01,0.4976715031530299
2016-04-01,0.4976715031530299
2016-04-01,0.4976715031530299
2016-04-01,0.4976715031530299
2016-05-01,0.7164282078357065
2016-05-01,0.6262609280430542
2016-05-01,0.6262609280430542
2016-05-01,0.6262609280430542
2016-05-01,0.6262609280430542
2016-05-01,0.2176734061702046
2016-06-01,0.4340910042278878
2016-06-01,0.4340910042278878
2016-06-01,0.4340910042278878
2016-06-01,0.4340910042278878
2016-06-01,0.4340910042278878
2016-07-01,0.39264933651472766
2016-07-01,0.1745958815421167
2016-07-01,0.1745958815421167
2016-07-01,0.1745958815421167
2016-07-01,0.1745958815421167
2016-08-01,0.37383567937847584
2016-08-01,0.37383567937847584
2016-08-01,0.15754792082591784
2016-08-01,0.15754792082591784
2016-08-01,0.15754792082591784
2016-08-01,0.15754792082591784
2016-09-01,0.44805294943879304
2016-09-01,0.4895174875327424
2016-09-01,0.4895174875327424
2016-09-01,0.4895174875327424
2016-09-01,0.4895174875327424
2016-10-01,0.8485247760895209
2016-10-01,0.6483427311125389
2016-10-01,0.6483427311125389
2016-10-01,0.6483427311125389
2016-10-01,0.6483427311125389
2016-10-01,0.6483427311125389
2016-10-01,0.6483427311125389
2016-11-01,0.5585015891984346
2016-11-01,0.5585015891984346
2016-11-01,0.5585015891984346
2016-11-01,0.5585015891984346
2016-11-01,0.5585015891984346
2016-11-01,0.2005267444793235
2016-12-01,0.48333147277590527
2016-12-01,0.48333147277590527
2016-12-01,0.48333147277590527
2016-12-01,0.48333147277590527
2016-12-01,0.48333147277590527
2016-12-01,0.48333147277590527
2016-12-01,0.28223876409130266
2016-12-01,0.28223876409130266
2017-01-01,0.7468598874345922
2017-01-01,0.7468598874345922
2017-01-01,0.7468598874345922
2017-01-01,0.7468598874345922
2017-01-01,0.46331347312287274
2017-01-01,0.46331347312287274
2017-01-01,0.46331347312287274
2017-01-01,0.46331347312287274
2017-01-01,0.46331347312287274
2017-02-01,0.5859310708054899
2017-02-01,0.5859310708054899
2017-02-01,0.5859310708054899
2017-02-01,0.122052113795168
2017-02-01,0.122052113795168
2017-02-01,0.122052113795168
2017-03-01,-0.16628576577460974
2017-03-01,-0.16628576577460974
2017-03-01,-0.16628576577460974
2017-03-01,-0.16628576577460974
2017-03-01,-0.16628576577460974
2017-03-01,-0.16628576577460974
2017-04-01,-0.12190332820630756
2017-04-01,-0.12190332820630756
2017-04-01,-0.12190332820630756
2017-04-01,-0.12190332820630756
2017-04-01,-0.12190332820630756
2017-05-01,-0.24953365840887365
2017-05-01,0.03856378614328637
2017-05-01,0.03856378614328637
2017-05-01,0.03856378614328637
2017-05-01,0.03856378614328637
2017-05-01,0.03856378614328637
2017-05-01,0.03856378614328637
2017-05-01,-0.1277861057184193
2017-06-01,-0.15072207341148003
2017-06-01,-0.15072207341148003
2017-06-01,-0.15072207341148003
2017-06-01,-0.15072207341148003
2017-06-01,-0.022965314173706286
2017-06-01,-0.022965314173706286
2017-07-01,0.08283916898370602
2017-07-01,0.08283916898370602
2017-07-01,0.08283916898370602
2017-07-01,0.08283916898370602
2017-07-01,0.08283916898370602
2017-07-01,0.08283916898370602
2017-07-01,0.10582878707083854
2017-08-01,0.5086344804955178
2017-08-01,0.5086344804955178
2017-08-01,0.5086344804955178
2017-08-01,0.5086344804955178
2017-08-01,0.5086344804955178
2017-08-01,0.4023798596997308
2017-08-01,0.4023798596997308
2017-08-01,0.4023798596997308
2017-09-01,0.9526814397167627
2017-09-01,0.9526814397167627
2017-09-01,0.9526814397167627
2017-09-01,0.9526814397167627
2017-09-01,0.5480961514916505
2017-09-01,0.5480961514916505
2017-10-01,0.6566542872301406
2017-10-01,0.6566542872301406
2017-10-01,0.6566542872301406
2017-10-01,0.6566542872301406
2017-10-01,0.6566542872301406
2017-10-01,0.6566542872301406
2017-10-01,0.10796637618570859
2017-11-01,0.49477824274577475
2017-11-01,0.49477824274577475
2017-11-01,0.49477824274577475
2017-11-01,0.49477824274577475
2017-11-01,0.49477824274577475
2017-11-01,0.38639469021526374
2017-11-01,0.38639469021526374
2017-12-01,0.5368169673084955
2017-12-01,0.5368169673084955
2017-12-01,0.5368169673084955
2017-12-01,0.5368169673084955
2017-12-01,0.5368169673084955
2017-12-01,0.14984329057481371
2018-01-01,0.6676306181136571
2018-01-01,0.6676306181136571
2018-01-01,0.6676306181136571
2018-01-01,0.6676306181136571
2018-01-01,0.6676306181136571
2018-02-01,0.8186855795017545
2018-02-01,0.6678415731379284
2018-02-01,0.6678415731379284
2018-02-01,0.6678415731379284
2018-03-01,0.6045256752015504
2018-03-01,0.6045256752015504
2018-03-01,0.6045256752015504
2018-03-01,0.08706293004874244
2018-03-01,0.08706293004874244
2018-03-01,0.08706293004874244
2018-03-01,0.08706293004874244
2018-04-01,0.3081305542738999
2018-04-01,0.15784054899667943
2018-04-01,0.15784054899667943
2018-04-01,0.15784054899667943
2018-04-01,0.15784054899667943
2018-04-01,0.2208753236966121
2018-04-01,0.2208753236966121
2018-05-01,0.43012563035653706
2018-05-01,0.43012563035653706
2018-05-01,0.43012563035653706
2018-05-01,0.43012563035653706
2018-05-01,0.43012563035653706
2018-05-01,0.20878914296456053
2018-05-01,0.20878914296456053
2018-05-01,0.20878914296456053
2018-06-01,0.33758244571282514
2018-06-01,0.33758244571282514
2018-06-01,0.33758244571282514
2018-06-01,0.33758244571282514
2018-06-01,0.12852495659290142
2018-06-01,0.12852495659290142
2018-06-01,0.12852495659290142
2018-07-01,0.2997585167741068
2018-07-01,0.2997585167741068
2018-07-01,0.2997585167741068
2018-07-01,0.2997585167741068
2018-07-01,0.2997585167741068
2018-07-01,0.1710137648142096
2018-07-01,0.1710137648142096
2018-07-01,0.1710137648142096
2018-08-01,0.3942485160868481
2018-08-01,0.3942485160868481
2018-08-01,0.3942485160868481
2018-08-01,0.3942485160868481
2018-08-01,0.22285364087135662
2018-08-01,0.22285364087135662
2018-08-01,0.22285364087135662
2018-09-01,0.2817506745302234
2018-09-01,0.2817506745302234
2018-09-01,0.2817506745302234
2018-09-01,0.2817506745302234
2018-09-01,0.2817506745302234
2018-10-01,0.38952375658141136
2018-10-01,0.38952375658141136
2018-10-01,0.38952375658141136
2018-10-01,0.38952375658141136
2018-10-01,0.38952375658141136
2018-10-01,0.38952375658141136
2018-11-01,0.40898009100800436
2018-11-01,0.3500083335317594
2018-11-01,0.3500083335317594
2018-11-01,0.3500083335317594
2018-11-01,0.3500083335317594
2018-11-01,0.3500083335317594
2018-12-01,-0.03717957338417177
2018-12-01,-0.03717957338417177
2018-12-01,-0.03717957338417177
2018-12-01,-0.03717957338417177
2018-12-01,-0.03717957338417177
2018-12-01,-0.03717957338417177
2018-12-01,-0.05654945506888831
2019-01-01,-0.08027649915374191
2019-01-01,-0.08027649915374191
2019-01-01,-0.08027649915374191
2019-01-01,-0.08027649915374191
2019-01-01,-0.08027649915374191
2019-01-01,-0.02374046919080275
2019-01-01,-0.02374046919080275
2019-02-01,0.15035630487509888
2019-02-01,0.15035630487509888
2019-02-01,0.15035630487509888
2019-02-01,0.15035630487509888
2019-02-01,0.15035630487509888
2019-02-01,0.17413811527151601
2019-03-01,0.5837584546033892
2019-03-01,0.5837584546033892
2019-03-01,0.5837584546033892
2019-03-01,0.5837584546033892
2019-03-01,0.5837584546033892
2019-03-01,0.5837584546033892
2019-03-01,0.40890827417003894
2019-04-01,0.7289234452596327
2019-04-01,0.7289234452596327
2019-04-01,0.7289234452596327
2019-04-01,0.7289234452596327
2019-04-01,0.7289234452596327
2019-04-01,0.3187119316303999
2019-04-01,0.3187119316303999
2019-04-01,0.3187119316303999
2019-05-01,0.3962258211750669
2019-05-01,0.3962258211750669
2019-05-01,0.3962258211750669
2019-05-01,0.3962258211750669
2019-05-01,0.07726762839370682
2019-05-01,0.07726762839370682
2019-05-01,0.07726762839370682
2019-05-01,0.07726762839370682
2019-06-01,0.13610084798281186
2019-06-01,0.13610084798281186
2019-06-01,0.13610084798281186
2019-06-01,0.13610084798281186
2019-06-01,0.05878779565362535
2019-06-01,0.05878779565362535
2019-07-01,0.39427014951696204
2019-07-01,0.39427014951696204
2019-07-01,0.39427014951696204
2019-07-01,0.39427014951696204
2019-07-01,0.39427014951696204
2019-07-01,0.39427014951696204
2019-07-01,0.33528524705743745
2019-07-01,0.33528524705743745
2019-08-01,0.389729930867011
2019-08-01,0.389729930867011
2019-08-01,0.389729930867011
2019-08-01,0.389729930867011
2019-08-01,0.05426274881812354
2019-08-01,0.05426274881812354
2019-09-01,0.07690475911634742
2019-09-01,0.07690475911634742
2019-09-01,0.07690475911634742
2019-09-01,0.07690475911634742
2019-09-01,0.07690475911634742
2019-09-01,0.07690475911634742
2019-10-01,0.3788529067499047
2019-10-01,0.3788529067499047
2019-10-01,0.3788529067499047
2019-10-01,0.3788529067499047
2019-10-01,0.3788529067499047
2019-10-01,0.3788529067499047
2019-10-01,0.3561425818581876
2019-11-01,0.6155454481623357
2019-11-01,0.6155454481623357
2019-11-01,0.6155454481623357
2019-11-01,0.6155454481623357
2019-11-01,0.6155454481623357
2019-12-01,0.47809508261715816
2019-12-01,0.47809508261715816
2019-12-01,0.47809508261715816
2019-12-01,0.47809508261715816
2019-12-01,0.47809508261715816
2020-01-01,0.6020888479463249
2020-01-01,0.6020888479463249
2020-01-01,0.34272067489611313
2020-01-01,0.34272067489611313
2020-02-01,0.43189008126047757
2020-02-01,0.43189008126047757
2020-02-01,0.43189008126047757
2020-02-01,0.21237828867202158
2020-02-01,0.21237828867202158
2020-02-01,0.21237828867202158
2020-02-01,0.21237828867202158
2020-03-01,-0.21199144297314731
2020-03-01,-0.33498184066147463
2020-03-01,-0.33498184066147463
2020-03-01,-0.33498184066147463
2020-03-01,-0.33498184066147463
2020-03-01,-0.423470372514978
2020-03-01,-0.423470372514978
2020-03-01,-0.423470372514978
2020-04-01,-1.2152094190310825
2020-04-01,-1.2152094190310825
2020-04-01,-1.2152094190310825
2020-04-01,-1.2152094190310825
2020-04-01,-0.7951060852170677
2020-04-01,-0.7951060852170677
2020-05-01,-0.8470535330079465
2020-05-01,-0.8470535330079465
2020-05-01,-0.8470535330079465
2020-05-01,-0.8470535330079465
2020-05-01,-0.8470535330079465
2020-05-01,-0.8470535330079465
2020-06-01,0.5126962665395363
2020-06-01,0.5126962665395363
2020-06-01,0.5126962665395363
2020-06-01,0.5126962665395363
2020-06-01,0.5126962665395363
2020-06-01,0.5126962665395363
2020-07-01,1.1553439054142967
2020-07-01,1.1553439054142967
2020-07-01,1.1553439054142967
2020-07-01,1.1553439054142967
2020-07-01,1.1553439054142967
2020-07-01,1.1553439054142967
2020-07-01,0.5866710210175263
2020-07-01,0.5866710210175263
2020-08-01,0.9591235313785251
2020-08-01,0.9591235313785251
2020-08-01,0.9591235313785251
2020-08-01,0.9591235313785251
2020-08-01,0.37028018382594396
2020-09-01,0.574359450068207
2020-09-01,0.574359450068207
2020-09-01,0.574359450068207
2020-09-01,0.574359450068207
2020-09-01,0.574359450068207
2020-09-01,0.574359450068207
2020-09-01,0.574359450068207
2020-10-01,0.2479965804198292
2020-10-01,0.2479965804198292
2020-10-01,0.2479965804198292
2020-10-01,0.2479965804198292
2020-10-01,0.2479965804198292
2020-10-01,0.04457954951595511
2020-11-01,0.23365832849748802
2020-11-01,0.23365832849748802
2020-11-01,0.23365832849748802
2020-11-01,0.23365832849748802
2020-11-01,0.23365832849748802
2020-11-01,0.23365832849748802
2020-12-01,0.5569960626140347
2020-12-01,0.5569960626140347
2020-12-01,0.5569960626140347
2020-12-01,0.5569960626140347
2020-12-01,0.5569960626140347
2020-12-01,0.5569960626140347
2021-01-01,0.5421425750621989
2021-01-01,0.5421425750621989
2021-01-01,0.5421425750621989
2021-01-01,0.5421425750621989
2021-01-01,0.5421425750621989
2021-01-01,0.5421425750621989
2021-01-01,0.17419539681025054
2021-02-01,0.5294623245153396
2021-02-01,0.5294623245153396
2021-02-01,0.5294623245153396
2021-02-01,0.5294623245153396
2021-02-01,0.5294623245153396
2021-02-01,0.354649145219299
2021-03-01,0.9770011936041101
2021-03-01,0.9770011936041101
2021-03-01,0.9770011936041101
2021-03-01,0.9770011936041101
2021-03-01,0.9770011936041101
2021-03-01,0.9770011936041101
2021-04-01,1.3949635394302273
2021-04-01,1.3949635394302273
2021-04-01,1.3949635394302273
2021-04-01,1.3949635394302273
2021-04-01,1.3949635394302273
2021-04-01,1.3949635394302273
2021-05-01,1.4192218072230034
2021-05-01,1.4192218072230034
2021-05-01,1.4192218072230034
2021-05-01,1.4192218072230034
2021-05-01,1.4192218072230034
2021-05-01,1.4192218072230034
2021-05-01,0.6442255801403007
2021-06-01,1.5549109552077667
2021-06-01,1.5549109552077667
2021-06-01,1.5549109552077667
2021-06-01,1.5549109552077667
2021-06-01,1.5549109552077667
2021-06-01,0.9048560608599487
2021-06-01,0.9048560608599487
2021-07-01,1.382977534993346
2021-07-01,1.382977534993346
2021-07-01,1.382977534993346
2021-07-01,1.382977534993346
2021-07-01,1.382977534993346
2021-07-01,0.47383395883844326
2021-07-01,0.47383395883844326
2021-08-01,0.7494990423682957
2021-08-01,0.7494990423682957
2021-08-01,0.7494990423682957
2021-08-01,0.7494990423682957
2021-08-01,0.7494990423682957
2021-08-01,0.274365048757641
2021-08-01,0.274365048757641
2021-09-01,0.6879327126145363
2021-09-01,0.6879327126145363
2021-09-01,0.6879327126145363
2021-09-01,0.6879327126145363
2021-09-01,0.6879327126145363
2021-09-01,0.41243608339558424
2021-10-01,1.359647194995084
2021-10-01,1.359647194995084
2021-10-01,1.359647194995084
2021-10-01,1.359647194995084
2021-10-01,1.359647194995084
2021-10-01,1.359647194995084
2021-11-01,1.7297857283558038
2021-11-01,1.7297857283558038
2021-11-01,1.7297857283558038
2021-11-01,1.7297857283558038
2021-11-01,1.7297857283558038
2021-12-01,2.2083768029240947
2021-12-01,1.2532342695248833
2021-12-01,1.2532342695248833
2021-12-01,1.2532342695248833
2021-12-01,1.2532342695248833
2021-12-01,1.2532342695248833
2022-01-01,1.8823810005637487
2022-01-01,1.0947360872059608
2022-01-01,1.0947360872059608
2022-01-01,1.0947360872059608
2022-01-01,1.0947360872059608
2022-02-01,1.9011761331038546
2022-02-01,1.4240235267245271
2022-02-01,1.4240235267245271
2022-02-01,1.4240235267245271
2022-02-01,1.4240235267245271
2022-03-01,2.6824463225217032
2022-03-01,2.6824463225217032
2022-03-01,2.048359007281886
2022-03-01,2.048359007281886
2022-03-01,2.048359007281886
2022-04-01,2.3870919686592273
2022-04-01,2.3870919686592273
2022-04-01,1.576806412791809
2022-04-01,1.576806412791809
2022-04-01,1.576806412791809
2022-05-01,2.565961250184734
2022-05-01,2.565961250184734
2022-05-01,1.308966035007697
2022-05-01,1.308966035007697
2022-05-01,1.308966035007697
2022-06-01,2.6485186369513247
2022-06-01,2.6485186369513247
2022-06-01,2.3089207830584435
2022-06-01,2.3089207830584435
2022-06-01,2.3089207830584435
2022-07-01,2.2891745738109925
2022-07-01,2.2891745738109925
2022-07-01,1.3026890906221666
2022-07-01,1.3026890906221666
2022-07-01,1.3026890906221666
2022-08-01,1.4224253278165566
2022-08-01,1.4224253278165566
2022-08-01,0.09887311734750881
2022-09-01,0.4852232094485043
2022-09-01,0.4852232094485043
2022-09-01,0.4852232094485043
2022-09-01,0.4852232094485043
2022-09-01,0.5046211785106003
2022-10-01,0.9452333618946707
2022-10-01,0.9452333618946707
2022-10-01,0.9452333618946707
2022-10-01,0.9452333618946707
2022-10-01,0.8260604830525597
2022-11-01,0.9231445774981362
2022-11-01,0.9231445774981362
2022-11-01,0.5351107456842197
2022-11-01,0.5351107456842197
2022-11-01,0.5351107456842197
2022-12-01,0.4552484996343864
2022-12-01,0.4552484996343864
2022-12-01,0.016775033382310234
2022-12-01,0.016775033382310234
2022-12-01,0.016775033382310234
2023-01-01,0.8300286517570088
2023-01-01,0.8300286517570088
2023-01-01,0.7330341311685418
2023-01-01,0.7330341311685418
2023-01-01,0.7330341311685418
2023-02-01,1.105751988443071
2023-02-01,1.105751988443071
2023-02-01,1.1861313868613221
2023-02-01,1.1861313868613221
2023-03-01,1.2398024903391924
2023-03-01,1.2398024903391924
2023-03-01,1.2398024903391924
2023-03-01,0.4232438044027953
2023-04-01,0.7925839167354454
2023-04-01,0.7925839167354454
2023-04-01,0.7925839167354454
2023-04-01,0.7925839167354454
2023-04-01,0.4210205272370482
2023-05-01,0.5456691242772926
2023-05-01,0.5456691242772926
2023-05-01,0.5456691242772926
2023-05-01,0.4923660075279557
2023-05-01,0.4923660075279557
2023-06-01,0.6736070614430378
2023-06-01,0.6736070614430378
2023-06-01,0.30470292290323275
2023-06-01,0.30470292290323275
2023-07-01,0.4720749509768307
2023-07-01,0.4720749509768307
2023-07-01,0.4720749509768307
2023-08-01,0.9808964239319096
2023-08-01,0.9808964239319096
2023-08-01,0.9808964239319096
2023-08-01,0.9808964239319096
2023-08-01,0.9808964239319096
2023-09-01,1.1979950039658904
2023-09-01,1.1979950039658904
2023-09-01,1.1979950039658904
2023-09-01,1.1979950039658904
2023-09-01,1.0294136974778878
2023-10-01,1.0747565287105632
2023-10-01,1.0747565287105632
2023-10-01,0.4407889796224973
2023-10-01,0.4407889796224973
2023-10-01,0.4407889796224973
2023-11-01,0.5380890654947068
2023-11-01,0.5380890654947068
2023-11-01,0.14179737935027248
2023-11-01,0.14179737935027248
2023-12-01,0.4452307622259788
2023-12-01,0.4452307622259788
2023-12-01,0.4452307622259788
2023-12-01,0.40017034058363876
2024-01-01,0.6716100110851331
2024-01-01,0.6716100110851331
2024-01-01,0.6716100110851331
2024-01-01,0.6716100110851331
2024-02-01,1.0187810351490745
2024-02-01,1.0187810351490745
2024-02-01,1.0187810351490745
2024-03-01,1.400702137264287
2024-03-01,1.0943823862716417
2024-03-01,1.0943823862716417
2024-03-01,1.0943823862716417
2024-04-01,1.4107171766229554
2024-04-01,1.137284660219251
2024-04-01,1.137284660219251
2024-05-01,1.1430970179375777
2024-05-01,1.1430970179375777
2024-05-01,0.6979495521677981
2024-05-01,0.6979495521677981
2024-06-01,0.641367736791687
2024-06-01,0.262306632930831
2024-06-01,0.262306632930831
2024-07-01,0.4176408416872057
2024-08-01,0.6056432757902686
2024-08-01,0.2918197869140826
2024-08-01,0.2918197869140826
2024-08-01,0.2918197869140826
2024-09-01,0.46643786415514477
2024-09-01,0.46643786415514477
2024-10-01,0.7116290206720333
2024-10-01,0.7116290206720333
2024-10-01,0.768250337806542
2024-10-01,0.768250337806542
2024-11-01,1.0835364431766248
2024-11-01,0.9271721727149185
2024-11-01,0.7385688954256509
2024-12-01,1.134594630731467
2024-12-01,1.134594630731467
2024-12-01,1.134594630731467
2025-01-01,1.3982191772115904
2025-01-01,1.3982191772115904
2025-02-01,1.3697718209310983
2025-02-01,1.3697718209310983
2025-02-01,1.3697718209310983
2025-03-01,1.3190512721347636
2025-03-01,1.003030580740183
2025-04-01,1.2261369417996049
2025-04-01,1.2261369417996049
2025-04-01,0.8297527424965034
2025-05-01,0.9112800415505884
2025-05-01,0.9112800415505884
2025-05-01,0.46821233147176233
2025-06-01,0.7565358555373658
2025-06-01,0.53944179501213
2025-06-01,0.53944179501213
2025-07-01,0.7370807599093254
2025-07-01,0.7875099729361956
2025-08-01,1.1729737340237412
