date,wage_yoy
2006-04-01,0.5486284289276888
2006-04-01,0.54835493519442835
2006-04-01,0.5988023952095967
2006-04-01,0.4987531172069737
2006-05-01,0.5489021956087692
2006-05-01,0.44887780548628076
2006-05-01,-0.09925558312654514
2006-05-01,-0.14880952380953438
2006-05-01,-0.09925558312654514
2006-06-01,0.3472222222222321
2006-06-01,0.24789291026274807
2006-06-01,0.3472222222222321
2006-06-01,0.34739454094292466
2006-06-01,0.4967709885742799
2006-06-01,0.4468718967229446
2006-06-01,0.44709388971684305
2006-07-01,0.7451564828614199
2006-07-01,0.8440913604766509
2006-07-01,0.8445106805762714
2006-07-01,0.39564787339267937
2006-07-01,0.2965892239248591
2006-08-01,0.4451038575667754
2006-08-01,0.5931784478497404
2006-08-01,0.44488383588729974
2006-08-01,0.44488383588729974
2006-08-01,0.14792899408282434
2006-08-01,0.0492368291482137
2006-09-01,0.5418719211822687
2006-09-01,0.6403940886699377
2006-09-01,0.5914243469689495
2006-09-01,0.29484029484028174
2006-09-01,0.34431874077718305
2006-10-01,0.7381889763779403
2006-10-01,0.5905511811023612
2006-10-01,0.6893156080748364
2006-10-01,0.5905511811023612
2006-10-01,0.09794319294809117
2006-10-01,0
2006-10-01,0.048995590396860855
2006-11-01,0.4409603135717699
2006-11-01,0.39215686274509665
2006-11-01,0.34263338228095463
2006-11-01,0.24461839530331986
2006-11-01,0.14669926650368037
2006-11-01,0.24461839530331986
2006-12-01,0.7338551859099818
2006-12-01,0.6852667645619315
2006-12-01,0.43923865300146137
2006-12-01,0.34146341463414664
2006-12-01,0.48828125
2007-01-01,0.5853658536585371
2007-01-01,0.5368472425573589
2007-01-01,0.5368472425573589
2007-01-01,0.04859086491739717
2007-01-01,0.04856726566295766
2007-01-01,0.0972289742343202
2007-02-01,0.6316812439261632
2007-02-01,0.6319883325230924
2007-02-01,0.4859086491739717
2007-02-01,0.29097963142579175
2007-02-01,0.33980582524271163
2007-03-01,0.8737864077669855
2007-03-01,0.9713453132588645
2007-03-01,0.8252427184465949
2007-03-01,0.2902757619738683
2007-03-01,0.048285852245277816
2007-03-01,0.14492753623189802
2007-04-01,0.822050290135401
2007-04-01,0.7253384912959238
2007-04-01,0.7256894049346707
2007-04-01,0
2007-04-01,0
2007-04-01,0.0481463649494529
2007-05-01,0.7718282682103172
2007-05-01,0.8687258687258614
2007-05-01,0.723589001447178
2007-05-01,0.14416146083613413
2007-06-01,0.8161305808929598
2007-06-01,0.8180943214629366
2007-07-01,1.202501202501205
2007-07-01,1.1549566891241536
2007-07-01,1.1073663938372613
2007-07-01,0.2870813397129357
2007-07-01,0.33524904214559115
2007-08-01,0.9117082533589338
2007-08-01,0.23809523809523725
2007-08-01,0.3816793893129722
2007-08-01,0.38186157517901
2007-08-01,-0.09514747859181716
2007-09-01,0.5714285714285783
2007-09-01,0.6202290076335881
2007-09-01,0.5727923627685039
2007-09-01,0.6685768863419206
2007-09-01,-0.047505938242287105
2007-09-01,-0.04748338081670411
2007-09-01,0
2007-10-01,0.3804089396100663
2007-10-01,0.5238095238095264
2007-10-01,-0.2368545712932324
2007-10-01,-0.0948316737790389
2007-10-01,-0.04746084480304891
2007-10-01,-0.04743833017076815
2007-11-01,0.7129277566539916
2007-11-01,0.6175771971496324
2007-11-01,0.5703422053231932
2007-11-01,0.1894836570345726
2007-11-01,0.0947418285172974
2007-12-01,0.9971509971510084
2007-12-01,0.8542952064546805
2007-12-01,0.7122507122507171
2007-12-01,0.711912672045556
2007-12-01,-0.047192071731960716
2007-12-01,-0.04721435316334954
2007-12-01,0
2008-01-01,0.47281323877068626
2008-01-01,0.5205868433506788
2008-01-01,-0.32910202162670377
2008-01-01,-0.2823529411764669
2008-01-01,-0.047147571900052476
2008-01-01,-0.1413760603204417
2008-02-01,0.8026440037771643
2008-02-01,0.8030231459612569
2008-02-01,0.7088846880907385
2008-02-01,0.3294117647058892
2008-02-01,0.14124293785311437
2008-02-01,0.33018867924528017
2008-03-01,1.08541764983483
2008-03-01,1.0849056603773555
2008-03-01,1.08541764983483
2008-03-01,0.657276995305156
2008-03-01,0.23419203747070405
2008-03-01,0.32802249297094743
2008-03-01,0.18761726078799779
2008-04-01,0.7992477668077091
2008-04-01,0.7996237064910483
2008-04-01,0.7992477668077091
2008-04-01,0
2008-04-01,-0.18674136321196189
2008-04-01,-0.32649253731343864
2008-04-01,-0.09345794392523477
2008-05-01,0.5137786081270468
2008-05-01,0.7958801498127333
2008-05-01,0.7494145199063329
2008-05-01,0.23331777881474558
2008-05-01,0.13992537313431974
2008-06-01,0.9337068160597539
2008-06-01,1.0757717492984042
2008-06-01,0.8890968647636832
2008-06-01,0
2008-06-01,0.09298000929800487
2008-06-01,-0.04644681839294229
2008-06-01,0
2008-07-01,0.8379888268156499
2008-07-01,0.7918025151374186
2008-07-01,0.13876040703051373
2008-07-01,0.1388888888888884
2008-07-01,0.18552875695734272
2008-07-01,0.3717472118959231
2008-07-01,0.3715745471435161
2008-08-01,0.975836431226762
2008-08-01,1.115760111576014
2008-08-01,1.115241635687747
2008-08-01,0.3231763619575334
2008-08-01,0.23094688221709792
2008-09-01,0.7859454461396354
2008-09-01,0.7407407407407307
2008-09-01,0.6018518518518423
2008-09-01,0.509023600185099
2008-09-01,0
2008-10-01,0.3218390804597737
2008-10-01,0.3216911764705621
2008-10-01,0.36815462494246276
2008-10-01,0.27649769585254
2008-11-01,0.5504587155963359
2008-11-01,0.688705234159781
2008-11-01,0.8272058823529438
2008-11-01,0.6906077348066475
2008-11-01,0.6902899217671399
2008-11-01,0.22914757103575933
2008-11-01,0.13742556115436955
2008-12-01,0.8253094910591452
2008-12-01,1.148897058823528
2008-12-01,0.27372262773721623
2008-12-01,0
2009-01-01,0.41058394160584655
2009-01-01,0.6858710562414272
2009-01-01,0.5027422303473417
2009-01-01,0.5944215820758991
2009-01-01,-0.13642564802182067
2009-01-01,-0.13636363636364557
2009-01-01,-0.22716946842344932
2009-02-01,0.40946314831664665
2009-02-01,0.5013673655423823
2009-02-01,0
2009-02-01,-0.09082652134423386
2009-02-01,0
2009-02-01,-0.09090909090908594
2009-03-01,0.6830601092896016
2009-03-01,0.591715976331364
2009-03-01,0.6830601092896016
2009-03-01,0.0453103760761131
2009-03-01,-0.09057971014492239
2009-03-01,0
2009-04-01,0.5452067242162517
2009-04-01,0.49999999999998934
2009-04-01,0.5002273760800424
2009-04-01,0.5004549590536866
2009-04-01,0.09057971014494459
2009-05-01,0.13568521031208647
2009-05-01,0.09049773755656076
2009-05-01,0
2009-05-01,0.09057971014494459
2009-05-01,0.2266545784224805
2009-05-01,0.31746031746031633
2009-06-01,0.2259376412110381
2009-06-01,0.09033423667570428
2009-06-01,0.27137042062417294
2009-06-01,0.2262443438913797
2009-06-01,0.31688546853780863
2009-06-01,0.18099547511312153
2009-06-01,-0.04516711833785214
2009-06-01,0.09041591320071429
2009-07-01,0.45228403437358455
2009-07-01,0.5429864253393646
2009-07-01,0.36182722749886764
2009-07-01,0.2712477396021651
2009-08-01,0.36068530207395977
2009-08-01,0.5415162454873723
2009-08-01,0.5412719891745521
2009-08-01,0.5417607223476395
2009-08-01,0.4512635379061436
2009-08-01,0.49683830171634025
2009-08-01,0.451875282422054
2009-09-01,0.7678410117434531
2009-09-01,0.36019810895993043
2009-09-01,0.27002700270029045
2009-09-01,0.45065344749886105
2009-09-01,0.36068530207395977
2009-09-01,0.04492362982928544
2009-09-01,-0.08976660682226134
2009-09-01,-0.08972633467922986
2009-10-01,0.31432420296362285
2009-10-01,0.40431266846361336
2009-10-01,0.31460674157304247
2009-10-01,0.3598740440845738
2009-10-01,-0.04482294935005404
2009-10-01,0.08972633467922986
2009-11-01,0.4039497307001705
2009-11-01,0.4486316733961493
2009-11-01,0.5390835579514697
2009-11-01,0.5388414907947947
2009-11-01,0.49415992812218423
2009-11-01,0.31432420296362285
2009-11-01,0.08952551477170445
2009-11-01,0
2009-11-01,0.044802867383508804
2009-12-01,0.35858359480054336
2009-12-01,0.4484304932735439
2009-12-01,0.44822949350067365
2009-12-01,0.044702726866319153
2009-12-01,-0.08932559178204125
2009-12-01,-0.08936550491509543
2009-12-01,-0.08932559178204125
2010-01-01,0.3129190880643673
2010-01-01,0.5371530886302711
2010-01-01,0.26833631484795006
2010-01-01,0.35794183445190253
2010-01-01,0.40304523063146025
2010-01-01,0.08932559178205235
2010-02-01,0.3571428571428559
2010-02-01,0.22311468094600162
2010-02-01,0.40214477211795163
2010-02-01,0.35762181493070866
2010-02-01,0.4472271914132353
2010-02-01,0.35762181493070866
2010-02-01,0.08912655971480277
2010-03-01,0.08904719501334757
2010-03-01,0.3122212310436856
2010-03-01,0.31208203299153414
2010-03-01,0.223015165031204
2010-03-01,0.22311468094600162
2010-03-01,-0.13345195729538295
2010-03-01,0
2010-04-01,0.22251891410769442
2010-04-01,0.4008908685968704
2010-04-01,0.17809439002671734
2010-04-01,0.26726057906458767
2010-04-01,0.17809439002671734
2010-04-01,0.044483985765109146
2010-05-01,0.35571365051134674
2010-05-01,0.1777777777777656
2010-05-01,0.3560302625723377
2010-05-01,0.3116651825467498
2010-05-01,0.26726057906458767
2010-06-01,0.48975957257346714
2010-06-01,0.1776198934280604
2010-06-01,0
2010-06-01,0.13333333333334085
2010-07-01,0.44424700133272044
2010-07-01,0.577777777777766
2010-07-01,0.5780346820809301
2010-07-01,0.13291980505096834
2010-07-01,0.2218278615794267
2010-08-01,0.5321507760532196
2010-08-01,0.5770084332001657
2010-08-01,0.5775211017325699
2010-08-01,0.22153300841825097
2010-09-01,0.6205673758865382
2010-09-01,0.7542147293700063
2010-09-01,0.754549489569456
2010-09-01,0.3095975232198178
2010-09-01,0.17675651789661462
2010-10-01,0.6631299734747964
2010-10-01,0.6637168141592875
2010-10-01,0.7525453740593324
2010-10-01,0.30877812086456125
2010-11-01,0.44130626654899086
2010-11-01,0.4416961130741859
2010-11-01,0.4862953138815129
2010-12-01,0.3083700440528636
2010-12-01,0.3082342580360997
2010-12-01,0.4405286343612369
2010-12-01,0.3968253968253954
2010-12-01,0.3970004411115946
2010-12-01,0
2010-12-01,0.04395604395606156
2011-01-01,0.4393673110720364
2011-01-01,0.5716798592788175
2011-01-01,0.5711775043936607
2011-01-01,0.5277044854881341
2011-01-01,0.5279366476022895
2011-01-01,0.39525691699604515
2011-01-01,0.30728709394205467
2011-01-01,0.2631578947368318
2011-01-01,0.4391743522178304
2011-02-01,0.4833040421792667
2011-02-01,0.48309178743961567
2011-02-01,0.5711775043936607
2011-02-01,0
2011-02-01,0
2011-03-01,-0.087374399300999
2011-03-01,0.2624671916010568
2011-03-01,0.1750547045951789
2011-03-01,0.2624671916010568
2011-03-01,0.26258205689277947
2011-03-01,0.08748906386701893
2011-03-01,0.08745080891998658
2011-03-01,0
2011-03-01,0
2011-03-01,-0.087374399300999
2011-04-01,0.3937007874015741
2011-04-01,0.21862702229995534
2011-04-01,0.26235242675993753
2011-04-01,0.21815008726002727
2011-04-01,0.3058103975535076
2011-04-01,0.04363001745200101
2011-04-01,0.13094718463553257
2011-04-01,0.17482517482518833
2011-04-01,0.087374399300999
2011-05-01,0.48097944905989287
2011-05-01,0.5244755244755206
2011-05-01,0.655881066899866
2011-05-01,0.34858387799565627
2011-05-01,0.3490401396160525
2011-05-01,0.2616659398168242
2011-05-01,0.04353504571179556
2011-05-01,0.04355400696862688
2011-06-01,0.2616659398168242
2011-06-01,0.39232781168265785
2011-06-01,0.3926701570680535
2011-06-01,0.6110868616324705
2011-06-01,0.26109660574411553
2011-06-01,0.08695652173913437
2011-06-01,-0.04344048653344146
2011-07-01,0.43421623968735723
2011-07-01,0.521739130434784
2011-07-01,0.6089604175728569
2011-07-01,0.5657093124455947
2011-07-01,0.5659555942533867
2011-07-01,0.5219660722053154
2011-08-01,0.2605297438124099
2011-08-01,0.3042155584528361
2011-08-01,0.30368763557484524
2011-08-01,0.26041666666667407
2011-08-01,0.26064291920069316
2011-08-01,0.26075619295957697
2011-08-01,-0.3026372676178113
2011-08-01,-0.21626297577854725
2011-09-01,-0.04323389537396194
2011-09-01,0.12981393336217728
2011-09-01,0.12987012987011326
2011-09-01,0.2163565556036362
2011-09-01,0.2165439584235651
2011-09-01,0.17331022530331364
2011-09-01,-0.04325259515571833
2011-09-01,0.08658008658009031
2011-09-01,0.12998266897747968
2011-10-01,0.5201560468140576
2011-10-01,0.6071118820468291
2011-10-01,0.6068487212830487
2011-10-01,0.4325259515570945
2011-10-01,0.30250648228176136
2011-10-01,0.3026372676178113
2011-10-01,0.08635578583764403
2011-11-01,0.17286084701815252
2011-11-01,0.34602076124565784
2011-11-01,0.5192557334487313
2011-11-01,0.4325259515570945
2011-11-01,0.38944180008653184
2011-11-01,0
2011-11-01,-0.08620689655172153
2011-11-01,-0.08616975441619878
2011-12-01,0.08613264427217437
2011-12-01,0.17233950883239757
2011-12-01,0.2586206896551868
2011-12-01,0.17256255392579245
2011-12-01,0.2157031924072461
2011-12-01,0.04310344827587187
2011-12-01,-0.043047783039185106
2012-01-01,0.3014642549526325
2012-01-01,0.34482758620690834
2012-01-01,0.2587322121604174
2012-01-01,0.3451251078516071
2012-01-01,0.2587322121604174
2012-01-01,0.0860585197934638
2012-01-01,-0.043010752688177334
2012-01-01,-0.042992261392960085
2012-01-01,0.17226528854437095
2012-02-01,0.3443822643133698
2012-02-01,0.5601034037052921
2012-02-01,0.47372954349698126
2012-02-01,0.2146844139115478
2012-02-01,0.21477663230238253
2012-02-01,0.21505376344086446
2012-02-01,0.08598452278589797
2012-02-01,0.08602150537633246
2012-02-01,0.08598452278589797
2012-03-01,0.6454388984509452
2012-03-01,0.5161290322580614
2012-03-01,0.6018916595012858
2012-03-01,0.2574002574002643
2012-03-01,0.08568980291345785
2012-04-01,0.21431633090440716
2012-04-01,0.21422450728363351
2012-04-01,0.30004286326619223
2012-04-01,0.5150214592274827
2012-04-01,0.5154639175257714
2012-04-01,0.5156854318865589
2012-04-01,0.5154639175257714
2012-04-01,0
2012-04-01,0.042789901583217826
2012-05-01,0.04273504273504258
2012-05-01,0.2995293110825914
2012-05-01,0.2996575342465668
2012-05-01,0.1283147989734834
2012-05-01,0.1282599401453588
2012-05-01,0
2012-05-01,-0.128095644748083
2012-05-01,0
2012-05-01,0
2012-05-01,0
2012-05-01,0.08550662676356513
2012-06-01,0.5132591958939337
2012-06-01,0.2563007261853878
2012-06-01,0.08532423208191808
2012-06-01,0.17072129748185727
2012-06-01,0.21358393848782686
2012-07-01,0.42698548249358037
2012-07-01,0.5555555555555758
2012-07-01,0.5557930739632289
2012-07-01,0.5982905982905962
2012-07-01,0.5557930739632289
2012-07-01,0.42735042735042583
2012-07-01,0.46988466467321466
2012-07-01,0.04255319148935843
2012-07-01,0.12782275244993535
2012-07-01,0.12787723785165905
2012-08-01,0.21303792074989225
2012-08-01,0.2131287297527651
2012-08-01,0
2012-08-01,0
2012-08-01,-0.04251700680271142
2012-08-01,-0.21240441801190224
2012-08-01,-0.08503401360544505
2012-08-01,-0.042553191489369535
2012-08-01,-0.170068027210879
2012-08-01,-0.08507018290090373
2012-09-01,0.34042553191488967
2012-09-01,0.42571306939123144
2012-09-01,0.3401360544217802
2012-09-01,0.297745640153102
2012-09-01,0.21258503401360151
2012-09-01,0.21249468763280266
2012-09-01,0.2552105487026779
2012-10-01,0.3831417624521105
2012-10-01,0.3829787234042481
2012-10-01,0.3831417624521105
2012-10-01,0.34071550255536653
2012-10-01,0.3405704555129896
2012-10-01,-0.08481764206954567
2012-11-01,0.16956337431115465
2012-11-01,0.25423728813558366
2012-11-01,0.3816793893129944
2012-11-01,0.2969876962240159
2012-11-01,0.21204410517388084
2012-12-01,0.6788290199406077
2012-12-01,0.6785411365564098
2012-12-01,0.6782534972445964
2012-12-01,0.5513146734520857
2012-12-01,0.7215619694397324
2012-12-01,0.6364022061943198
2012-12-01,0.7215619694397324
2012-12-01,0.3808717731696998
2013-01-01,0.5071851225697532
2013-01-01,0.3379805661174462
2013-01-01,0.5076142131979822
2013-01-01,0.5078290308929478
2013-01-01,0.04214075010533502
2013-01-01,0.042122999157556684
2013-01-01,0.04210526315790997
2013-01-01,0.1687051876845258
2013-02-01,0.37926675094817064
2013-02-01,0.3794266441821348
2013-02-01,0.37926675094817064
2013-02-01,0.295109612141653
2013-02-01,0
2013-02-01,0.16842105263157325
2013-02-01,0.08417508417508657
2013-02-01,0.08421052631579773
2013-02-01,0.16849199663018233
2013-02-01,0.08421052631579773
2013-03-01,0.2525252525252375
2013-03-01,0.3368421052631465
2013-03-01,-0.04198152812763256
2013-03-01,0.041999160016814585
2013-03-01,-0.04198152812763256
2013-03-01,0.04203446826398505
2013-03-01,0.1261564339781307
2013-03-01,0.04203446826398505
2013-04-01,0.3784693019343921
2013-04-01,0.462768195204033
2013-04-01,0.4625735912531459
2013-04-01,0.3786285233487563
2013-04-01,0.2099076406381295
2013-04-01,0.12589173310952884
2013-04-01,0.2519949601007987
2013-04-01,0.25188916876572875
2013-04-01,0.2519949601007987
2013-05-01,0.37815126050420034
2013-05-01,0.4199916001680126
2013-05-01,0.42016806722688926
2013-05-01,0.08378718056136769
2013-05-01,0.08375209380233617
2013-05-01,0
2013-06-01,0.6286672254819825
2013-06-01,0.5446166736489344
2013-06-01,0.5029337803855949
2013-06-01,0.41893590280686066
2013-06-01,0.41876046901172526
2013-06-01,0.41893590280686066
2013-06-01,0.29300962745919534
2013-06-01,0.25094102885820924
2013-06-01,0.2510460251046176
2013-07-01,0.37672666387609244
2013-07-01,0.4184100418409997
2013-07-01,0.4185851820845521
2013-07-01,-0.16659725114537283
2013-07-01,-0.08333333333333526
2013-07-01,0.04170141784820558
2013-07-01,0.041718815185665115
2013-08-01,0.29190992493743906
2013-08-01,0.3754693366708306
2013-08-01,0.37562604340568573
2013-08-01,0.25031289111390187
2013-08-01,0.25041736227044975
2013-08-01,0.2085070892410279
2013-08-01,0.08333333333332416
2013-08-01,0.16673614005837667
2013-08-01,0.20859407592823676
2013-09-01,0.4587155963302836
2013-09-01,0.37515631513129755
2013-09-01,0.4587155963302836
2013-09-01,0.04158004158003603
2013-09-01,0.04156275976725521
2013-09-01,0.04158004158003603
2013-09-01,0.08322929671245038
2013-09-01,0.16652789342215257
2013-10-01,0.29130253849354304
2013-10-01,0.3746877601998433
2013-10-01,0.24968789013732895
2013-10-01,0.33305578684430515
2013-10-01,0
2013-11-01,0.29069767441860517
2013-11-01,0.33208800332089616
2013-11-01,0.41562759767248547
2013-12-01,0.41545492314083443
2013-12-01,0.41562759767248547
2013-12-01,0.498960498960499
2013-12-01,0.4987531172069959
2013-12-01,0.4149377593360981
2013-12-01,0.3318125259228699
2013-12-01,0.33208800332089616
2013-12-01,0.3319502074688785
2014-01-01,0.49813200498132204
2014-01-01,0.28985507246377384
2014-01-01,0.24824162184524656
2014-01-01,0.2483443708609201
2014-01-01,0.1654944145635051
2014-01-01,0.2897350993377401
2014-02-01,0.5792304509722568
2014-02-01,0.4549214226633458
2014-02-01,0.4132231404958775
2014-02-01,0.5787515502273521
2014-02-01,0.6206040546131497
2014-02-01,0.6203473945409321
2014-03-01,0.3717472118959009
2014-03-01,0.37159372419488523
2014-03-01,0.3714403631861263
2014-03-01,0.49545829892652105
2014-03-01,0.4956629491945419
2014-03-01,0.33016921172099867
2014-03-01,-0.04113533525297308
2014-03-01,0.08233841086866533
2014-03-01,0.08230452674897748
2014-03-01,-0.08220304151252966
2014-04-01,-0.04111842105263275
2014-04-01,0
2014-04-01,0.16460905349793276
2014-05-01,0.2879473467708671
2014-05-01,0.28782894736842923
2014-05-01,0.16433853738702098
2014-05-01,0.28771064529387047
2014-06-01,0.5758946935417564
2014-06-01,0.576131687242798
2014-06-01,0.5758946935417564
2014-06-01,0.5756578947368363
2014-06-01,0.6581653640477247
2014-06-01,0.5758946935417564
2014-06-01,0.452116728318952
2014-06-01,0.4519309778142855
2014-06-01,0.3281378178835226
2014-07-01,0.24600246002459691
2014-07-01,0.3691550451189407
2014-07-01,0.24590163934428144
2014-07-01,0.08179959100205192
2014-07-01,0.16366612111291534
2014-07-01,0.16359918200408163
2014-07-01,0.08176614881438837
2014-08-01,0.2451982018798704
2014-08-01,0.36809815950920033
2014-08-01,0.45008183306054494
2014-08-01,0.44989775051125225
2014-08-01,0.3270645952575535
2014-09-01,0.32719836400818547
2014-09-01,0.2860645688598229
2014-09-01,0.3679476696647477
2014-09-01,0.3677973028197723
2014-09-01,0.28594771241829964
2014-09-01,0.32666394446714264
2014-09-01,0.32679738562091387
2014-09-01,0.08153281695881809
2014-10-01,0.12224938875307068
2014-10-01,0.04073319755599769
2014-10-01,0.12214983713354499
2014-10-01,0.16299918500406463
2014-11-01,0.529963310232362
2014-11-01,0.32599837000815146
2014-11-01,0.5295315682281032
2014-11-01,0.3664495114006572
2014-11-01,0.4480651731160856
2014-12-01,0
2014-12-01,0.2850162866449457
2014-12-01,0.28513238289205045
2014-12-01,0.16280016280016962
2014-12-01,0.32573289902280145
2014-12-01,0.24400162667750358
2014-12-01,0.16273393002441683
2014-12-01,-0.12165450121655041
2015-01-01,0.5280259951259136
2015-01-01,0.32414910858995505
2015-01-01,0.40567951318459805
2015-01-01,0.32441200324411223
2015-01-01,0.6512006512006563
2015-01-01,0.4872107186358221
2015-02-01,0.6498781478472715
2015-02-01,0.731409995936616
2015-02-01,0.5681818181818121
2015-02-01,0.6085192697768749
2015-02-01,0.6904955320877315
2015-02-01,0.6090133982947776
2015-02-01,0.16161616161616266
2015-02-01,0.1615508885298933
2015-03-01,0.4444444444444473
2015-03-01,0.4042037186742231
2015-03-01,0.48524059846339895
2015-03-01,0.48484848484848797
2015-03-01,0.28248587570620654
2015-03-01,0.201694231544991
2015-03-01,0.28248587570620654
2015-03-01,0.1612903225806317
2015-03-01,0.28237192416296075
2015-03-01,0.28248587570620654
2015-04-01,0.32271077047196783
2015-04-01,0.3225806451612856
2015-04-01,0.12067578439260984
2015-04-01,0.28180354267310914
2015-04-01,0.16096579476860828
2015-04-01,0.04020908725370642
2015-04-01,0.16096579476860828
2015-05-01,0.48309178743961567
2015-05-01,0.4024144869215096
2015-05-01,0.523349436392917
2015-05-01,0.4022526146419958
2015-05-01,0.48289738430582485
2015-05-01,0.3618817852834688
2015-05-01,0.3617363344051494
2015-06-01,0.24106066693450057
2015-06-01,0.12043356081894441
2015-06-01,0.24106066693450057
2015-06-01,0.3215434083601254
2015-06-01,0.36159100040176195
2015-06-01,0.12019230769229061
2015-06-01,0.12024048096193063
2015-06-01,0
2015-07-01,0.12019230769229061
2015-07-01,0.16019223067682553
2015-07-01,0.2804487179487225
2015-07-01,0.2002402883460208
2015-07-01,0.24048096192386126
2015-07-01,0.2405773857257376
2015-07-01,0.24048096192386126
2015-07-01,0.1602564102564097
2015-07-01,0.12009607686149781
2015-08-01,0.400160064025612
2015-08-01,0.48038430744596905
2015-08-01,0.6007208650380624
2015-08-01,0.44017607042818874
2015-08-01,0.319872051179515
2015-08-01,0.2796644027167394
2015-08-01,0.27977617905674546
2015-09-01,0.319872051179515
2015-09-01,0.43999999999999595
2015-09-01,0.43982407037184146
2015-09-01,0.5600000000000049
2015-09-01,0.43982407037184146
2015-09-01,0.07971303308089706
2015-10-01,0.3984063745019917
2015-10-01,0.3582802547770658
2015-10-01,0.3984063745019917
2015-10-01,0.47827819848544895
2015-10-01,0.3984063745019917
2015-10-01,0.3985651654045519
2015-10-01,0.4384216819449893
2015-10-01,0.3185981680605465
2015-10-01,0.31847133757960666
2015-11-01,0.43754972155927163
2015-11-01,0.5971337579617764
2015-11-01,0.5177220230983659
2015-11-01,0.1984126984126977
2015-11-01,0.11900039666798978
2015-11-01,0.1984126984126977
2015-12-01,0.11900039666798978
2015-12-01,0.2777777777777768
2015-12-01,0.2778880508138126
2015-12-01,0.31746031746031633
2015-12-01,0.2778880508138126
2015-12-01,0.2777777777777768
2015-12-01,-0.03960396039605074
2015-12-01,-0.0791452314997998
2016-01-01,0.5942947702060275
2016-01-01,0.5148514851485153
2016-01-01,0.5150554675118935
2016-01-01,0.5148514851485153
2016-01-01,0.5150554675118935
2016-01-01,0.35615354174911573
2016-01-01,0.47505938242278223
2016-01-01,0.35601265822784445
2016-02-01,0.3562945368170922
2016-02-01,0.35615354174911573
2016-02-01,0.5942947702060275
2016-02-01,0.5148514851485153
2016-02-01,0
2016-02-01,0
2016-02-01,0.07883326763893361
2016-02-01,0
2016-03-01,0.23649980291682304
2016-03-01,0.35488958990537167
2016-03-01,0.3152088258471242
2016-03-01,0.31533307055577886
2016-04-01,0.7100591715976323
2016-04-01,0.7097791798107211
2016-04-01,0.551398188263108
2016-04-01,0.6304176516942483
2016-04-01,0.551398188263108
2016-04-01,0.6304176516942483
2016-04-01,0.551398188263108
2016-05-01,0.8274231678486954
2016-05-01,0.5898545025560198
2016-05-01,0.4715127701375277
2016-05-01,0.47132757266299397
2016-05-01,0.4715127701375277
2016-05-01,0.19584802193497453
2016-06-01,0.27407987470633444
2016-06-01,0.3525264394829586
2016-06-01,0.3915426781519349
2016-06-01,0.39169604386994905
2016-06-01,0.3132341425215346
2016-07-01,0.6267136701919362
2016-07-01,0.4298554122704079
2016-07-01,0.5082095387021202
2016-07-01,0.5084082909659671
2016-07-01,0.43002345582487944
2016-08-01,0.6257332811888894
2016-08-01,0.6254886630179923
2016-08-01,0.42951971885982765
2016-08-01,0.42935206869632037
2016-08-01,0.31201248049921304
2016-08-01,0.31213421771363326
2016-09-01,0.6635441061670466
2016-09-01,0.5060334760607299
2016-09-01,0.4280155642023331
2016-09-01,0.2722676001555735
2016-09-01,0.27237354085603016
2016-10-01,0.8952899961074401
2016-10-01,0.660707345511069
2016-10-01,0.543900543900544
2016-10-01,0.5832037325038897
2016-10-01,0.5829770695686021
2016-10-01,0.6609642301710794
2016-10-01,0.7390120575651471
2016-11-01,0.3877471888328765
2016-11-01,0.30983733539891034
2016-11-01,0.38744672607518016
2016-11-01,0.46547711404187897
2016-11-01,0.5432673651532882
2016-11-01,-0.07716049382717749
2016-12-01,0.38610038610038533
2016-12-01,0.34775888717155645
2016-12-01,0.42520293776575624
2016-12-01,0.2704791344667612
2016-12-01,0.15449980687523013
2016-12-01,0.1544401544401719
2016-12-01,0.11587485515642815
2016-12-01,0.11583011583011782
2017-01-01,0.34735623311463737
2017-01-01,0.5019305019305031
2017-01-01,0.4245465071401
2017-01-01,0.34749034749035346
2017-01-01,-0.07692307692307443
2017-01-01,0.11551790527533079
2017-01-01,0.15396458814471714
2017-01-01,0.3082851637765005
2017-01-01,0.2699575780948704
2017-02-01,0.5782575173477245
2017-02-01,0.694444444444442
2017-02-01,0.5399151561897408
2017-02-01,0.3076923076922977
2017-02-01,0.11525163273145012
2017-02-01,0.19215987701768356
2017-03-01,0.5771450557906954
2017-03-01,0.5388760585065544
2017-03-01,0.49999999999998934
2017-03-01,0.34588777863182596
2017-03-01,0.2689204763734132
2017-03-01,0.423076923076926
2017-04-01,0.3832886163281035
2017-04-01,0.30651340996168397
2017-04-01,0.3835826620636862
2017-04-01,0.38343558282210033
2017-04-01,0.4221028396009352
2017-05-01,0.5753739930955071
2017-05-01,0.2677888293802555
2017-05-01,0.3828483920367498
2017-05-01,0.3061615001913598
2017-05-01,0.42129452317118954
2017-05-01,0.4214559386973127
2017-05-01,0.42129452317118954
2017-05-01,0.0763650248186254
2017-06-01,0.2673796791443861
2017-06-01,0.38211692777989636
2017-06-01,0.30557677616502854
2017-06-01,0.4203286205578971
2017-06-01,0.1906941266208939
2017-06-01,0.19076688286914223
2017-07-01,0.5339435545385296
2017-07-01,0.6867607783288765
2017-07-01,0.4576659038901587
2017-07-01,0.5723006486074045
2017-07-01,0.49580472921435526
2017-07-01,0.5723006486074045
2017-07-01,0.3809523809523929
2017-08-01,0.4567948229920127
2017-08-01,0.6473724295506411
2017-08-01,0.5327245053272422
2017-08-01,0.4567948229920127
2017-08-01,0.4569687738004369
2017-08-01,0.03793626707133679
2017-08-01,-0.037893141341427405
2017-08-01,0.1138952164009055
2017-09-01,0.7207890743550882
2017-09-01,0.7210626185958136
2017-09-01,0.644916540212459
2017-09-01,0.6072106261859611
2017-09-01,0.41682455475557934
2017-09-01,0.2270147559591429
2017-10-01,0.416351249053748
2017-10-01,0.41682455475557934
2017-10-01,0.4927975739196455
2017-10-01,0.3792188092529347
2017-10-01,0.37907505686125553
2017-10-01,0.4550625711035261
2017-10-01,-0.18832391713747842
2017-11-01,0.037678975131871795
2017-11-01,0.03769317753485879
2017-11-01,0.15088645794039124
2017-11-01,0.15094339622641062
2017-11-01,0.11325028312572094
2017-11-01,0
2017-11-01,0.15094339622641062
2017-12-01,0.4526593738211959
2017-12-01,0.6800151114469299
2017-12-01,0.6042296072507503
2017-12-01,0.604001510003771
2017-12-01,0.41509433962263476
2017-12-01,0.3013182674199477
2018-01-01,0.7535795026375247
2018-01-01,0.6026365348399176
2018-01-01,0.6782215523737811
2018-01-01,0.7918552036199067
2018-01-01,0.7161703731624502
2018-02-01,0.7912584777694187
2018-02-01,0.4130679684566152
2018-02-01,0.37523452157599557
2018-02-01,0.37537537537537524
2018-03-01,0.6378986866791836
2018-03-01,0.7140172867343253
2018-03-01,0.7885843034171947
2018-03-01,0.33657442034404905
2018-03-01,0.5241482590790048
2018-03-01,0.5239520958083776
2018-03-01,0.44893378226711356
2018-04-01,0.44910179640718084
2018-04-01,0.41121495327103297
2018-04-01,0.5983545250560995
2018-04-01,0.5981308411215025
2018-04-01,0.5609573672400892
2018-04-01,0.37285607755406236
2018-04-01,0.4104477611940327
2018-05-01,0.29806259314457684
2018-05-01,0.372717107715248
2018-05-01,0.3351955307262511
2018-05-01,0.4839910647803425
2018-05-01,0.4841713221601429
2018-05-01,0.5588673621460538
2018-05-01,0.4095309009679804
2018-05-01,0.29739776951673846
2018-06-01,0.2601263470828785
2018-06-01,0.37188545927853145
2018-06-01,0.4829123328380369
2018-06-01,0.48309178743961567
2018-06-01,0.40861812778603124
2018-06-01,0.4084663943557443
2018-06-01,0.33407572383072903
2018-07-01,0.22230455724343567
2018-07-01,0.2965159377316562
2018-07-01,0.2964060763245735
2018-07-01,0.5190952910641533
2018-07-01,0.5189028910304039
2018-07-01,0.4447739065974732
2018-07-01,0.3705075954057113
2018-07-01,0.1848428835489857
2018-08-01,0.4437869822485174
2018-08-01,0.5179430262671092
2018-08-01,0.7026627218934989
2018-08-01,0.7029226785053577
2018-08-01,0.5914972273567409
2018-08-01,0.5173688100517326
2018-08-01,0.5171776874769218
2018-09-01,0.4795278495020261
2018-09-01,0.47935103244838295
2018-09-01,0.7380073800737907
2018-09-01,0.8121077888519679
2018-09-01,0.8118081180811698
2018-10-01,0.5154639175257714
2018-10-01,0.44166359955832846
2018-10-01,0.2937936099889793
2018-10-01,0.4775900073475503
2018-10-01,0.5512679162072764
2018-10-01,0.6250000000000089
2018-11-01,0.5145167217934565
2018-11-01,0.47723935389134553
2018-11-01,0.660550458715603
2018-11-01,0.512820512820511
2018-11-01,0.43939948736726464
2018-11-01,0.43923865300146137
2018-12-01,0.659340659340657
2018-12-01,0.8794430194210445
2018-12-01,0.8421823507872572
2018-12-01,0.7312614259597838
2018-12-01,0.7309941520467822
2018-12-01,0.6576543660942624
2018-12-01,0.767824497257763
2019-01-01,0.6941907197661523
2019-01-01,0.43747721472839896
2019-01-01,0.4373177842565523
2019-01-01,0.5468465184105042
2019-01-01,0.546647230320696
2019-01-01,0.4366812227074357
2019-01-01,0.21794406102433328
2019-02-01,0.43572984749455923
2019-02-01,0.508166969147017
2019-02-01,0.43541364296082463
2019-02-01,0.5444646098003547
2019-02-01,0.5442670537010308
2019-02-01,0.4716981132075526
2019-03-01,0.5444646098003547
2019-03-01,0.5442670537010308
2019-03-01,0.6526468455402501
2019-03-01,0.7611453425154124
2019-03-01,0.6884057971014323
2019-03-01,0.7611453425154124
2019-03-01,0.3976861894432471
2019-04-01,0.2889129649692901
2019-04-01,0.25289017341041387
2019-04-01,0.39711191335740637
2019-04-01,0.3247924936846003
2019-04-01,0.3250270855904569
2019-04-01,0.21660649819494893
2019-04-01,0.25261638397691133
2019-04-01,0.10806916426511215
2019-05-01,0.10791366906472977
2019-05-01,0.17992083483266974
2019-05-01,0.07194244604316058
2019-05-01,0.3601008282319018
2019-05-01,0.396110911055092
2019-05-01,0.3603603603603567
2019-05-01,0.1797914419273683
2019-05-01,0.2877697841726645
2019-06-01,0.43196544276455917
2019-06-01,0.5403458213256496
2019-06-01,0.647948164146861
2019-06-01,0.5397625044980314
2019-06-01,0.43118936399568764
2019-06-01,0.4310344827586299
2019-07-01,0.5751258087706601
2019-07-01,0.4664513814137017
2019-07-01,0.39454806312768653
2019-07-01,0.7181328545780907
2019-07-01,0.6460875807609456
2019-07-01,0.538020086083213
2019-07-01,0.43010752688172893
2019-07-01,0.4299534217126588
2019-08-01,0.5364806866952732
2019-08-01,0.5726556907659219
2019-08-01,0.5724508050089394
2019-08-01,0.7153075822603716
2019-08-01,0.536097212294484
2019-08-01,0.5000000000000115
2019-09-01,0.35727045373348254
2019-09-01,0.2495543672014211
2019-09-01,0.42796005706133844
2019-09-01,0.4281127363539028
2019-09-01,0.5353319057815886
2019-09-01,0.4637887977167354
2019-10-01,0.24902170046245953
2019-10-01,0.4270462633451766
2019-10-01,0.32017075773747017
2019-10-01,0.28409090909089496
2019-10-01,0.355492356914322
2019-10-01,0.3553660270078085
2019-10-01,0.49839800640798515
2019-11-01,0.6045519203413896
2019-11-01,0.6392045454545414
2019-11-01,0.6394316163410352
2019-11-01,0.6389776357827559
2019-11-01,0.6392045454545414
2019-12-01,0.4968062455642297
2019-12-01,0.5315379163713718
2019-12-01,0.5673758865248235
2019-12-01,0.46033994334278017
2019-12-01,0.5313496280552554
2020-01-01,0.708215297450443
2020-01-01,0.7084661707403406
2020-01-01,0.5302226935312904
2020-01-01,0.317572335920957
2020-02-01,0.6706671373102768
2020-02-01,0.5643738977072266
2020-02-01,0.635144671841914
2020-02-01,0.670903954802271
2020-02-01,0.6697215368346665
2020-02-01,0.6699576868829382
2020-02-01,0.599224532957332
2020-03-01,0.8456659619450413
2020-03-01,0.8087201125175802
2020-03-01,0.9145269081955787
2020-03-01,1.0548523206751037
2020-03-01,1.2662680267323312
2020-03-01,0.9817671809256634
2020-03-01,0.9119607155384069
2020-03-01,0.7713884992987419
2020-04-01,5.261311820413894
2020-04-01,5.1820728291316565
2020-04-01,5.183887915936958
2020-04-01,5.3608969866853595
2020-04-01,4.856743535988817
2020-04-01,4.778514126264377
2020-05-01,3.694667131404672
2020-05-01,3.409881697981909
2020-05-01,3.160819729072606
2020-05-01,3.2638888888888884
2020-05-01,3.267292318387205
2020-05-01,3.409881697981909
2020-06-01,-2.132622459180278
2020-06-01,-2.3968042609853524
2020-06-01,-2.2644022644022654
2020-06-01,-2.3611572996341867
2020-06-01,-2.132622459180278
2020-06-01,-2.1970705725699036
2020-07-01,-1.2100840336134455
2020-07-01,-1.2113055181695809
2020-07-01,-1.1784511784511675
2020-07-01,-1.2441156691324728
2020-07-01,-1.0097610232245091
2020-07-01,-1.1103633916554445
2020-07-01,0.03404834865508022
2020-07-01,0.23874488403821115
2020-08-01,0.40885860306643096
2020-08-01,0.3065395095367851
2020-08-01,0.340483486550891
2020-08-01,0.3403675970047759
2020-08-01,0.3742769649540678
2020-09-01,0.37465940054495217
2020-09-01,0.37478705281090985
2020-09-01,0.340483486550891
2020-09-01,0.3060183611016676
2020-09-01,0.4083021435862477
2020-09-01,0.47651463580666853
2020-09-01,0.4083021435862477
2020-10-01,0.1017984390905946
2020-10-01,0.13582342954159277
2020-10-01,0.1696640651509984
2020-10-01,0.16960651289010809
2020-10-01,0.1355932203389809
2020-10-01,0.2714625042416152
2020-11-01,0.40733197556006573
2020-11-01,0.47505938242280443
2020-11-01,0.5084745762711895
2020-11-01,0.4405286343612369
2020-11-01,0.37262872628727184
2020-11-01,0.4405286343612369
2020-12-01,1.0508474576271132
2020-12-01,1.3903017972193954
2020-12-01,1.3211382113821113
2020-12-01,1.3206908228919678
2020-12-01,1.2186865267433955
2020-12-01,1.2182741116751217
2021-01-01,1.2846517917511902
2021-01-01,1.1144883485309176
2021-01-01,0.9106239460371146
2021-01-01,0.9784075573549211
2021-01-01,0.9787377657779261
2021-01-01,0.9784075573549211
2021-01-01,0.3690036900369176
2021-02-01,0.3678929765886352
2021-02-01,0.30090270812437314
2021-02-01,0.40106951871656804
2021-02-01,0.5016722408026864
2021-02-01,0.5015045135406071
2021-02-01,0.3671562082776969
2021-03-01,0.06680026720107257
2021-03-01,0.16711229946522188
2021-03-01,0.4343468092215197
2021-03-01,0.4344919786096302
2021-03-01,0.4343468092215197
2021-03-01,0.40106951871656804
2021-04-01,0.5331556147950778
2021-04-01,0.6000000000000005
2021-04-01,0.43275632490014093
2021-04-01,0.4991680532445919
2021-04-01,0.4990019960079861
2021-04-01,0.5320917858330665
2021-05-01,1.2349799732977118
2021-05-01,1.1011011011011096
2021-05-01,0.8316699933466509
2021-05-01,1.031613976705481
2021-05-01,1.0645375914837052
2021-05-01,1.1651131824234495
2021-05-01,0.7954922108054374
2021-06-01,0.7289595758780631
2021-06-01,0.861783228372559
2021-06-01,0.7947019867549754
2021-06-01,1.0261502813637913
2021-06-01,0.9923916639100305
2021-06-01,0.6923837784371889
2021-06-01,0.8250825082508184
2021-07-01,0.7588254701418773
2021-07-01,0.6587615283267345
2021-07-01,0.5595786701777516
2021-07-01,0.9213557091148461
2021-07-01,0.8220979940808837
2021-07-01,0.8223684210526327
2021-07-01,0.7558330594807705
2021-08-01,0.9526938239158955
2021-08-01,0.4587155963302836
2021-08-01,0.45856534556174555
2021-08-01,0.7203667321545648
2021-08-01,0.7528641571194816
2021-08-01,0.7531106745252147
2021-08-01,0.7526178010471174
2021-09-01,0.9819967266775809
2021-09-01,0.5542875774372291
2021-09-01,0.8480104370515384
2021-09-01,1.0114192495921825
2021-09-01,0.9458577951728664
2021-09-01,0.748454279205979
2021-10-01,0.9784735812133016
2021-10-01,0.9129442451907277
2021-10-01,0.812743823146933
2021-10-01,1.0721247563352687
2021-10-01,1.2024699382515491
2021-10-01,1.1692107827216525
2021-11-01,0.5834683954619058
2021-11-01,0.9079118028534339
2021-11-01,1.0025873221215953
2021-11-01,0.9043927648578753
2021-11-01,0.9693053311793154
2021-12-01,1.1304909560723386
2021-12-01,1.4211886304909438
2021-12-01,1.3893376413570246
2021-12-01,1.322154143824572
2021-12-01,0.9321761491481784
2021-12-01,0.8670520231213841
2022-01-01,1.540930979133237
2022-01-01,1.7402513696422872
2022-01-01,1.4138817480719768
2022-01-01,1.2808197246237496
2022-01-01,1.2163892445582691
2022-02-01,1.0559999999999903
2022-02-01,0.9262216544235091
2022-02-01,0.7324840764331153
2022-02-01,0.8604206500955947
2022-02-01,0.7638446849140612
2022-03-01,1.0509554140127442
2022-03-01,1.082457815982174
2022-03-01,0.6323110970597456
2022-03-01,0.8552423186569458
2022-03-01,0.823827629911289
2022-04-01,0.6955422067657313
2022-04-01,0.7590132827324458
2022-04-01,1.1399620012666256
2022-04-01,1.1075949367088445
2022-04-01,1.043313310148597
2022-05-01,0.9478672985782088
2022-05-01,1.0107391029690493
2022-05-01,1.0400252127324316
2022-05-01,1.0393700787401539
2022-05-01,0.8482563619227168
2022-06-01,0.7537688442210921
2022-06-01,0.942803268384651
2022-06-01,0.8163265306122325
2022-06-01,1.0043942247332183
2022-06-01,0.8140262993112213
2022-07-01,1.0015649452269182
2022-07-01,0.9386733416770765
2022-07-01,1.0015649452269182
2022-07-01,1.0944340212632797
2022-07-01,0.9045539613225184
2022-08-01,0.8728179551122262
2022-08-01,1.0280373831775602
2022-08-01,1.122194513715713
2022-09-01,1.0585305105853093
2022-09-01,1.183431952662728
2022-09-01,1.0876320696084463
2022-09-01,1.055900621118
2022-09-01,0.867678958785234
2022-10-01,0.9919404835709855
2022-10-01,1.146575766966218
2022-10-01,0.8351376430560054
2022-10-01,0.9582689335394079
2022-10-01,1.0506798516687343
2022-11-01,1.2025901942645634
2022-11-01,0.8939580764488309
2022-11-01,1.0474430067775709
2022-11-01,1.046475838719596
2022-11-01,0.9529664924684988
2022-12-01,0.8604794099569713
2022-12-01,1.1674347158218135
2022-12-01,1.0435850214855824
2022-12-01,0.9191176470588092
2022-12-01,1.104294478527601
2023-01-01,1.1328842620943247
2023-01-01,0.9480122324158957
2023-01-01,0.6093845216331495
2023-01-01,1.0388023220287312
2023-01-01,0.7621951219512146
2023-02-01,0.7919585744745827
2023-02-01,0.8221680876979276
2023-02-01,1.0054844606946833
2023-02-01,0.6984512602490112
2023-03-01,0.7897934386391192
2023-03-01,0.789313904068023
2023-03-01,1.0618932038835016
2023-03-01,0.7568876778686118
2023-04-01,1.0602847621932865
2023-04-01,0.938824954572981
2023-04-01,0.8164499546416737
2023-04-01,1.1800302571860932
2023-04-01,0.9972801450589319
2023-05-01,0.9966777408637828
2023-05-01,0.9351432880844612
2023-05-01,0.87454764776842
2023-05-01,1.0849909584086825
2023-05-01,0.9638554216867545
2023-06-01,0.8105673971780192
2023-06-01,0.9615384615384581
2023-06-01,1.0191846522781933
2023-06-01,1.080108010801073
2023-07-01,1.1997600479904058
2023-07-01,0.8672248803827776
2023-07-01,1.256732495511681
2023-08-01,1.1363636363636465
2023-08-01,1.0460251046025215
2023-08-01,1.1061285500747253
2023-08-01,1.10316040548597
2023-08-01,1.1038186157517726
2023-09-01,0.8933889219773894
2023-09-01,0.9821428571428426
2023-09-01,0.62314540059345
2023-09-01,0.9498367468091518
2023-09-01,0.7409602845287466
2023-10-01,0.8004743551734528
2023-10-01,0.4137115839243366
2023-10-01,0.5322294500295754
2023-10-01,0.8577343981070573
2023-10-01,0.7392075694855116
2023-11-01,0.5603066941905155
2023-11-01,0.6786662732369386
2023-11-01,1.0330578512396604
2023-11-01,0.7662835249041988
2023-12-01,1.0616337363609674
2023-12-01,1.0291090855630847
2023-12-01,1.0297146219476305
2023-12-01,0.9117647058823675
2024-01-01,1.677457327839904
2024-01-01,1.5294117647058902
2024-01-01,1.202346041055713
2024-01-01,1.1740534194305763
2024-02-01,1.378299120234594
2024-02-01,1.2895662368112681
2024-02-01,0.9056383289512082
2024-03-01,1.4624159110851132
2024-03-01,1.1963816749343437
2024-03-01,0.9604190919674016
2024-03-01,0.9609784507862429
2024-04-01,1.282424948994465
2024-04-01,0.636758321273545
2024-04-01,0.6662804171494674
2024-05-01,1.1590843233845183
2024-05-01,1.2474615607774853
2024-05-01,0.8967312698871854
2024-05-01,0.954861111111116
2024-06-01,1.3317892298783995
2024-06-01,0.8648025367541168
2024-06-01,0.9227220299884653
2024-07-01,1.0954165465552057
2024-08-01,1.5575425439861457
2024-08-01,1.3812949640287675
2024-08-01,1.2942191544434767
2024-08-01,1.3812949640287675
2024-09-01,1.2890289315382386
2024-09-01,1.2320916905444124
2024-10-01,1.662844036697253
2024-10-01,1.6910289481226526
2024-10-01,1.3142857142857123
2024-10-01,1.4004001143183675
2024-11-01,1.7428571428571349
2024-11-01,1.4827487881380108
2024-11-01,1.1360408974723013
2024-12-01,1.3057053647459682
2024-12-01,1.3628620102214661
2024-12-01,1.277320465512366
2025-01-01,1.4423076923076872
2025-01-01,1.415227851684131
2025-02-01,1.3254371122391362
2025-02-01,1.2119503945885013
2025-02-01,1.2408347433727984
2025-03-01,1.4656144306651742
2025-03-01,1.1513619769727645
2025-04-01,1.3205956729418267
2025-04-01,1.347935973041281
2025-04-01,1.0927430652843961
2025-05-01,1.5126050420168013
2025-05-01,1.5134529147982079
2025-05-01,1.003624198494557
2025-06-01,1.3117499302260693
2025-06-01,1.0854439187308662
2025-06-01,1.1138958507379781
2025-07-01,1.5041782729805053
2025-07-01,1.1944444444444535
2025-08-01,1.415880066629649
