"date","savings_rate","wage_yoy","inflation_yoy","borrow_rate","S_star","W_star","I_star","R_star","CFHI"
2006-04-01,-1.6,0.548628428927689,0.600600600600587,4.79,0.288184438040345,36.2628444711458,39.194088220615,10.2272727272727,21.4930974642685
2006-05-01,-1.7,0.548902195608769,1.05105105105106,4.94,0,36.266547055869,30.7136352705859,7.38636363636363,18.5916364907046
2006-06-01,-1.5,0.347222222222232,0.646766169154245,4.99,0.576368876080692,33.5389061848494,38.324947271507,6.43939393939394,19.7199040679578
2006-07-01,-0.9,0.74515648286142,0.643883110450716,5.24,2.30547550432277,38.9208076948129,38.3792254804931,1.70454545454545,20.3275135335436
2006-08-01,-0.5,0.445103857566775,0.692041522491338,5.25,3.45821325648415,34.8627161031317,37.4725660531351,1.51515151515152,19.3271617319756
2006-09-01,-0.2,0.541871921182269,-0.246062992125984,5.25,4.32276657060519,36.1714654097431,55.1338897136314,1.51515151515152,24.2858183022828
2006-10-01,-0.6,0.73818897637794,-0.981836033382422,5.25,3.1700288184438,38.8265749599791,68.9859985350015,1.51515151515152,28.124438457144
2006-11-01,-1,0.44096031357177,-0.49333991119882,5.25,2.01729106628242,34.8066763300106,59.7892747304035,1.51515151515152,24.532098410462
2006-12-01,-1.2,0.733855185909982,0.545364402578108,5.24,1.44092219020173,38.7679621795014,40.2339983328142,1.70454545454545,20.5368570392657
2007-01-01,-1.2,0.585365853658537,0.72037679722361,5.25,1.44092219020173,36.7597034279834,36.9391090126262,1.51515151515152,19.1637215364907
2007-02-01,-1.2,0.631681243926163,0.545364891518729,5.26,1.44092219020173,37.3861005329109,40.233989127722,1.32575757575758,20.0966923566481
2007-03-01,-0.8,0.873786407766985,0.981033999005665,5.26,2.59365994236311,40.6604759152968,32.0318186911527,1.32575757575758,19.1529280311426
2007-04-01,-1.3,0.822050290135401,1.02645336576657,5.25,1.15273775216138,39.960765643671,31.176726188857,1.51515151515152,18.4513452749602
2007-05-01,-1.4,0.771828268210317,1.09239273493025,5.25,0.864553314121038,39.2815329101087,29.9353116954582,1.51515151515152,17.8991373587099
2007-06-01,0.6,0.81613058089296,0.866509060723586,5.25,6.62824207492795,39.8807039468991,34.1879345297203,1.51515151515152,20.5530080166747
2007-07-01,0.7,1.2025012025012,0.984956237651646,5.26,6.9164265129683,45.1062118699889,31.9579762512955,1.32575757575758,21.3265930525026
2007-08-01,0.7,0.911708253358934,0.169248795729726,5.02,6.9164265129683,41.1733536899425,47.3149785037955,5.87121212121212,25.3189927069796
2007-09-01,0.9,0.571428571428578,0.126905993423976,4.94,7.49279538904899,36.5712072674424,48.1121497406478,7.38636363636363,24.8906290083757
2007-10-01,0.5,0.380408939610066,0.560802549365058,4.76,6.34005763688761,33.9877432468642,39.9433504328477,10.7954545454545,22.7666514655135
2007-11-01,-0.5,0.712927756653992,1.09125650529065,4.49,3.45821325648415,38.4849270798557,29.9567030426961,15.9090909090909,21.9522335720317
2007-12-01,0.2,0.997150997151008,1.08040573854851,4.24,5.47550432276657,42.3289325815196,30.1609861480553,20.6439393939394,24.6523406115702
2008-01-01,-0.1,0.472813238770686,0.926554745565489,3.94,4.61095100864553,35.237474386829,33.0574781062784,26.3257575757576,24.8079152693776
2008-02-01,0.3,0.802644003777164,0.668213676832741,2.98,5.76368876080692,39.6983033925283,37.9211635044335,44.5075757575758,31.9726828538361
2008-03-01,0.2,1.08541764983483,0.369383952267133,2.61,5.47550432276657,43.5227037099353,43.5471128551656,51.5151515151515,36.0151181007547
2008-04-01,0.7,0.799247766807709,0.551345197604558,2.28,6.9164265129683,39.6523706476453,40.1214002639814,57.7651515151515,36.1138372349366
2008-05-01,5,0.513778608127047,0.858411352970689,1.98,19.3083573487032,35.7915146015144,34.3403868794357,63.4469696969697,38.2218071316557
2008-06-01,2.5,0.933706816059754,1.71233677828047,2,12.1037463976945,41.4708754404608,18.2638697288119,63.0681818181818,33.7266683462873
2008-07-01,1.2,0.83798882681565,1.8821002919138,2.01,8.35734870317003,40.1763279691874,15.067799021014,62.8787878787879,31.6200658930398
2008-08-01,1,0.975836431226762,0.679383449170445,2,7.78097982708934,42.0406616134767,37.7108746065586,63.0681818181818,37.6501744663266
2008-09-01,1.3,0.785945446139635,-0.167897764861014,1.81,8.64553314121037,39.4724620879387,53.6623038122609,66.6666666666667,42.1117414270192
2008-10-01,2.4,0.321839080459774,-0.991410818713445,0.97,11.8155619596542,33.1956093579827,69.1662592416456,82.5757575757576,49.18829703376
2008-11-01,2.8,0.550458715596336,-2.62918565167517,0.39,12.9682997118156,36.2875983653439,100,93.5606060606061,60.7041260344414
2008-12-01,3.6,0.825309491059145,-2.40874901942688,0.16,15.2737752161383,40.004845030916,95.8499264760974,97.9166666666667,62.2613033474546
2009-01-01,5,0.410583941605847,-0.415845301792916,0.15,19.3083573487032,34.3958480643368,58.3303142869398,98.1060606060606,52.5351450765101
2009-02-01,4.2,0.409463148316647,0.717291597711478,0.22,17.0028818443804,34.380689783957,36.9971928468813,96.780303030303,46.2902668763804
2009-03-01,4.2,0.683060109289602,0.254508092414718,0.18,17.0028818443804,38.0809791106829,45.7098353557165,97.5378787878788,49.5828937746647
2009-04-01,5.7,0.545206724216252,-0.157741294887026,0.15,21.3256484149856,36.2165672852519,53.4710919582897,98.1060606060606,52.279842066147
2009-05-01,6.9,0.135685210312086,0.0761585979296209,0.18,24.7838616714697,30.6779528153564,49.0675509382624,97.5378787878788,50.5168110532418
2009-06-01,4.6,0.225937641211038,0.840735220128752,0.21,18.1556195965418,31.8985807988649,34.6731684600837,96.969696969697,45.4242664562968
2009-07-01,4.2,0.452284034373585,0.74832296736127,0.16,17.0028818443804,34.9598251189181,36.4129774908375,97.9166666666667,46.5730877802007
2009-08-01,3,0.36068530207396,0.451834616406854,0.16,13.5446685878963,33.7209889481339,41.9948467241487,97.9166666666667,46.7942927317114
2009-09-01,3.3,0.767841011743453,0.621097738961751,0.15,14.4092219020173,39.2276068632156,38.8081966818048,98.1060606060606,47.6377715132746
2009-10-01,4.4,0.314324202963623,0.444231947564844,0.12,17.5792507204611,33.0939736494142,42.1379791715574,98.6742424242424,47.8713614914188
2009-11-01,4.7,0.40394973070017,0.676117168927348,0.12,18.4438040345821,34.3061230187141,37.7723675763081,98.6742424242424,47.2991342634617
2009-12-01,4.8,0.358583594800543,0.534232964392167,0.12,18.7319884726225,33.6925641989552,40.4435655287347,98.6742424242424,47.8855901561387
2010-01-01,3.3,0.312919088064367,0.155120828538546,0.11,14.4092219020173,33.0749700331239,47.5809601693139,98.8636363636364,48.4821971170229
2010-02-01,3.1,0.357142857142856,0.0229841730984059,0.13,13.8328530259366,33.6730787991233,50.068644859858,98.4848484848485,49.0148562924416
2010-03-01,2.7,0.0890471950133476,0.0652612518211138,0.16,12.6801152737752,30.0471923360883,49.2727109749789,97.9166666666667,47.4791713128773
2010-04-01,3.6,0.222518914107694,-0.00551493398164293,0.2,15.2737752161383,31.852343883928,50.6051863073546,97.1590909090909,48.722599079128
2010-05-01,4,0.355713650511347,-0.231939704862483,0.2,16.4265129682997,33.6537493518025,54.8679961552654,97.1590909090909,50.5268373461146
2010-06-01,6.4,0.489759572573467,-0.367429235425698,0.18,23.342939481268,35.4666667648239,57.4188041032068,97.5378787878788,53.4415722842944
2010-07-01,5.9,0.44424700133272,0.00827285721507476,0.18,21.9020172910663,34.8511274657209,50.3456090011012,97.5378787878788,51.1591581364418
2010-08-01,5.8,0.53215077605322,0.426288071299674,0.19,21.6138328530259,36.0399908150084,42.4758014520229,97.3484848484848,49.3695274921355
2010-09-01,5.3,0.620567375886538,0.6651946028424,0.19,20.1729106628242,37.23578991857,37.978002419573,97.3484848484848,48.183796962363
2010-10-01,5.7,0.663129973474796,0.589162534409926,0.19,21.3256484149856,37.8114320054319,39.4094281810306,97.3484848484848,48.9737483624833
2010-11-01,5.3,0.441306266548991,0.456566582626627,0.19,20.1729106628242,34.8113552054799,41.9057598626575,97.3484848484848,48.5596276448616
2010-12-01,5.3,0.308370044052864,0.860916234682096,0.18,20.1729106628242,33.0134460346748,34.293228459508,97.5378787878788,46.2543659862214
2011-01-01,5.8,0.439367311072036,0.997354702826692,0.17,21.6138328530259,34.7851316091693,31.7245552380311,97.7272727272727,46.4626981068748
2011-02-01,5.8,0.483304042179267,0.916223235203306,0.16,21.6138328530259,35.3793583015607,33.2519853765933,97.9166666666667,47.0404607994616
2011-03-01,5.5,-0.087374399300999,1.09833440392288,0.14,20.7492795389049,27.6611609265147,29.8234502370307,98.2954545454545,44.1323363119762
2011-04-01,4.9,0.393700787401574,0.973140774733428,0.1,19.0201729106628,34.1675101651095,32.1804213110364,99.0530303030303,46.1052836724597
2011-05-01,5,0.480979449059893,0.587945769385656,0.09,19.3083573487032,35.347919110577,39.4323357361885,99.2424242424242,48.3327591094732
2011-06-01,5.4,0.261665939816824,-0.0574781783427514,0.09,20.4610951008646,32.381791728997,51.5834778119908,99.2424242424242,50.9171972210692
2011-07-01,5,0.434216239687357,0.276240636287617,0.07,19.3083573487032,34.7154654315986,45.3006853246437,99.6212121212121,49.7364300565394
2011-08-01,4.5,0.26052974381241,0.875597403523787,0.1,17.8674351585014,32.3664251330624,34.0168318847262,99.0530303030303,45.8259306198301
2011-09-01,3.6,-0.0432338953739619,0.678717977154264,0.08,15.2737752161383,28.2581435646869,37.7234031857112,99.4318181818182,45.1717850370886
2011-10-01,3.5,0.520156046814058,0.21876712570934,0.07,14.985590778098,35.877766905712,46.3827164378209,99.6212121212121,49.2168215607108
2011-11-01,3.5,0.172860847018153,-0.103544755568286,0.08,14.985590778098,31.1807384136632,52.4507550904114,99.4318181818182,49.5122256159977
2011-12-01,4,0.0861326442721744,-0.0070558248038699,0.07,16.4265129682997,30.0077742045366,50.6341960510589,99.6212121212121,49.1724238362768
2012-01-01,4.6,0.301464254952633,0.346242060691604,0.08,18.1556195965418,32.9200480027327,43.9827961195172,99.4318181818182,48.6225704751525
2012-02-01,3.7,0.34438226431337,0.743560002998933,0.1,15.5619596541787,33.5004968914817,36.5026479421314,99.0530303030303,46.1545336977055
2012-03-01,3.8,0.645438898450945,0.700204391112291,0.13,15.850144092219,37.5721673006769,37.3188869454595,98.4848484848485,47.306511705801
2012-04-01,3.4,0.214316330904407,0.325697250397261,0.14,14.6974063400576,31.7414072310838,44.3695851590092,98.2954545454545,47.2759633189013
2012-05-01,3.9,0.0427350427350426,-0.249238317226697,0.16,16.1383285302594,29.4208390236695,55.1936703067926,97.9166666666667,49.667376131847
2012-06-01,4.4,0.513259195893934,-0.243916274320721,0.16,17.5792507204611,35.7844897590763,55.0934743042866,97.9166666666667,51.5934703626227
2012-07-01,4.2,0.42698548249358,0.0857666708966587,0.16,17.0028818443804,34.617672336335,48.8866635384253,97.9166666666667,49.6059710964518
2012-08-01,3.7,0.213037920749892,0.649117742260019,0.13,15.5619596541787,31.7241172457231,38.2806751322248,98.4848484848485,46.0129001292438
2012-09-01,3.3,0.34042553191489,1.17653231201058,0.14,14.4092219020173,33.4469836703891,28.3512490667017,98.2954545454545,43.6257272961407
2012-10-01,3.4,0.38314176245211,0.716638708051209,0.16,14.6974063400576,34.0247035813587,37.0094845429822,97.9166666666667,45.9120652827663
2012-11-01,3.6,0.169563374311155,-0.16809700363849,0.16,15.2737752161383,31.1361414158768,53.6660548021345,97.9166666666667,49.4981595252041
2012-12-01,6.5,0.678829019940608,-0.187974798413226,0.16,23.6311239193084,38.0237553217094,54.0402862035437,97.9166666666667,53.402958027807
2013-01-01,2.4,0.507185122569753,0.0748836705984246,0.14,11.8155619596542,35.7023403499188,49.0915534922305,98.2954545454545,48.7262275868145
2013-02-01,2.6,0.379266750948171,0.775395165794301,0.15,12.3919308357349,33.9722956026371,35.9032998895928,98.1060606060606,45.0933967335064
2013-03-01,2.7,0.252525252525237,0.493948909592645,0.14,12.6801152737752,32.2581675940515,41.2019775383621,98.2954545454545,46.1089287379109
2013-04-01,2.5,0.378469301934392,-0.552047085105467,0.15,12.1037463976945,33.9615104240891,60.8945315364442,98.1060606060606,51.2664622410721
2013-05-01,3.2,0.3781512605042,-0.21907549281226,0.11,14.1210374639769,33.9572090411153,54.6258067092963,98.8636363636364,50.3919223945062
2013-06-01,4.4,0.628667225481983,0.630278419768016,0.09,17.5792507204611,37.345337140511,38.6353556255934,99.2424242424242,48.2005919322474
2013-07-01,4.4,0.376726663876092,0.641415513887278,0.09,17.5792507204611,33.9379419422443,38.4256819476472,99.2424242424242,47.2963247131942
2013-08-01,4.6,0.291909924937439,0.249845456418729,0.08,18.1556195965418,32.7908295156066,45.7976169644319,99.4318181818182,49.0439710645996
2013-09-01,4.9,0.458715596330284,0.269589144429494,0.08,19.0201729106628,35.046809418663,45.4259103381694,99.4318181818182,49.7311777123284
2013-10-01,4.8,0.291302538493543,0.120757431720664,0.09,18.7319884726225,32.7826148571997,48.2279062865301,99.2424242424242,49.7462334646941
2013-11-01,4.2,0.290697674418605,-0.02564683453945,0.08,17.0028818443804,32.7744343128228,50.9842016581094,99.4318181818182,50.0483339992827
2013-12-01,3.9,0.415454923140834,0.2714289988758,0.09,16.1383285302594,34.461726138861,45.3912721242411,99.2424242424242,48.8084377589464
2014-01-01,4.3,0.498132004981322,0.481164032026271,0.07,17.2910662824207,35.5799005601385,41.4426733852974,99.6212121212121,48.4837130872672
2014-02-01,4.3,0.579230450972257,0.25023232814112,0.07,17.2910662824207,36.6767245637647,45.7903334831163,99.6212121212121,49.8448341126285
2014-03-01,3.8,0.371747211895901,0.300936862850265,0.08,15.850144092219,33.870596848389,44.8357392085984,99.4318181818182,48.4970745827562
2014-04-01,4,-0.0411184210526327,0.461370333674926,0.09,16.4265129682997,28.2867545076752,41.8153215365153,99.2424242424242,46.4427533137286
2014-05-01,4.8,0.287947346770867,0.612374809030736,0.09,18.7319884726225,32.7372372328416,38.9724198428481,99.2424242424242,47.4210174476841
2014-06-01,5.3,0.575894693541756,0.871244270921756,0.1,20.1729106628242,36.6316097804253,34.0987865951275,99.0530303030303,47.4890843353518
2014-07-01,5.7,0.246002460024597,0.348401192831194,0.09,21.3256484149856,32.169949437736,43.9421469903969,99.2424242424242,49.1700422713857
2014-08-01,5.4,0.24519820187987,-0.111488348415822,0.09,20.4610951008646,32.1590721684188,52.6003059795944,99.2424242424242,51.1157243728255
2014-09-01,5.6,0.327198364008185,-0.116010743603634,0.09,21.0374639769452,33.2680915216827,52.6854473299323,99.2424242424242,51.5583567677461
2014-10-01,5,0.122249388753071,0.0901325875633852,0.09,19.3083573487032,30.4962387095644,48.8044681474808,99.2424242424242,49.4628721120431
2014-11-01,4.4,0.529963310232362,-0.252911001418155,0.09,17.5792507204611,36.0104062158202,55.2628144833714,99.2424242424242,52.0237239155192
2014-12-01,4.9,0,-0.624492389525022,0.12,19.0201729106628,28.8428646852583,62.258430706633,98.6742424242424,52.1989276816992
2015-01-01,5.5,0.528025995125914,-0.993536737655687,0.11,20.7492795389049,35.9842048048637,69.2062830790005,98.8636363636364,56.2008509466014
2015-02-01,5.8,0.649878147847271,-0.407793384685096,0.11,21.6138328530259,37.6322063709264,58.1787240196371,98.8636363636364,54.0720999018064
2015-03-01,5.3,0.444444444444447,0.452963008731166,0.11,20.1729106628242,34.8537978047348,41.9736029269542,98.8636363636364,48.9659869395374
2015-04-01,5.6,0.322710770471968,0.338455520311576,0.12,21.0374639769452,33.2073986163022,44.1293902438439,98.6742424242424,49.2621238153334
2015-05-01,5.1,0.483091787439616,0.547637227453968,0.12,19.5965417867435,35.376487641211,40.1912087553943,98.6742424242424,48.4596201518978
2015-06-01,4.8,0.241060666934501,0.764465086320154,0.13,18.7319884726225,32.1031136652876,36.1090761844725,98.4848484848485,46.3572567018078
2015-07-01,4.9,0.120192307692291,0.450573975555923,0.13,19.0201729106628,30.4684175120396,42.0185803121882,98.4848484848485,47.4980048049348
2015-08-01,4.6,0.400160064025612,0.0609791997846942,0.14,18.1556195965418,34.2548692946309,49.3533274796091,98.2954545454545,50.0148177290591
2015-09-01,4.8,0.319872051179515,-0.223856463067873,0.14,18.7319884726225,33.1690060747254,54.7158161504405,98.2954545454545,51.2280663108107
2015-10-01,5.6,0.398406374501992,0.0466521806742337,0.12,21.0374639769452,34.2311513461435,49.6230566170956,98.6742424242424,50.8914785911067
2015-11-01,5.5,0.437549721559272,0.229409932397728,0.12,20.7492795389049,34.7605494389195,46.1823485143637,98.6742424242424,50.0916049791076
2015-12-01,5.5,0.11900039666799,-0.0819183169356585,0.24,20.7492795389049,30.4522973927738,52.0436026608439,96.4015151515152,49.9116736860095
2016-01-01,5.2,0.594294770206028,-0.00167988879136161,0.34,19.8847262247839,36.8804634484251,50.5329854242944,94.5075757575758,50.4514377137698
2016-02-01,5.4,0.356294536817092,-0.0588613688631834,0.38,20.4610951008646,33.6616056064536,51.6095185943182,93.75,49.8705548254091
2016-03-01,5.4,0.236499802916823,-0.0785361203156643,0.36,20.4610951008646,32.0414298059887,51.9799273791899,94.1287878787879,49.6528100412078
2016-04-01,5.4,0.710059171597632,0.49767150315303,0.37,20.4610951008646,38.4461306157827,41.1318937377813,93.9393939393939,48.4946283484556
2016-05-01,5.3,0.827423167848695,0.716428207835706,0.37,20.1729106628242,40.0334316630069,37.0134475475075,93.9393939393939,47.7897959531831
2016-06-01,5.3,0.274079874706334,0.434091004227888,0.38,20.1729106628242,32.5496852268304,42.3288987116576,93.75,47.2003736503281
2016-07-01,5.7,0.626713670191936,0.392649336514728,0.39,21.3256484149856,37.3189160875753,43.1091046429887,93.5606060606061,48.8285688015389
2016-08-01,5.7,0.625733281188889,0.373835679378476,0.4,21.3256484149856,37.3056567189364,43.4633019448282,93.3712121212121,48.8664547999906
2016-09-01,5.7,0.663544106167047,0.448052949438793,0.4,21.3256484149856,37.8170329842423,42.0660426764743,93.3712121212121,48.6449840492286
2016-10-01,6,0.89528999610744,0.848524776089521,0.4,22.1902017291066,40.9513033358191,34.5265175626079,93.3712121212121,47.7598086871864
2016-11-01,5.5,0.387747188832877,0.558501589198435,0.41,20.7492795389049,34.086990128772,39.9866697022889,93.1818181818182,47.001189387946
2016-12-01,5.4,0.386100386100385,0.483331472775905,0.54,20.4610951008646,34.0647177813286,41.401867833253,90.719696969697,46.6618444212858
2017-01-01,5.5,0.347356233114637,0.746859887434592,0.65,20.7492795389049,33.5407186285004,36.4405223195038,88.6363636363636,44.8417210308182
2017-02-01,5.6,0.578257517347724,0.58593107080549,0.66,21.0374639769452,36.6635660261345,39.4702656716575,88.4469696969697,46.4045663429267
2017-03-01,5.9,0.577145055790695,-0.16628576577461,0.79,21.9020172910663,36.6485204290956,53.6319553413157,85.9848484848485,49.5418353865815
2017-04-01,5.3,0.383288616328104,-0.121903328206308,0.9,20.1729106628242,34.0266897212193,52.7963846959113,83.9015151515152,47.7243750578675
2017-05-01,5.5,0.575373993095507,-0.249533658408874,0.91,20.7492795389049,36.6245675154205,55.1992305787318,83.7121212121212,49.0712997112946
2017-06-01,3.8,0.267379679144386,-0.15072207341148,1.04,15.850144092219,32.4590677651573,53.3389438443081,81.25,45.7245389254211
2017-07-01,3.5,0.53394355453853,0.082839168983706,1.15,14.985590778098,36.0642374260482,48.9417784621846,79.1666666666667,44.7895683332494
2017-08-01,3.6,0.456794822992013,0.508634480495518,1.16,15.2737752161383,35.0208317284964,40.925498087711,78.9772727272727,42.5493444399046
2017-09-01,3.1,0.720789074355088,0.952681439716763,1.15,13.8328530259366,38.5912482534532,32.5656011411913,79.1666666666667,41.039092271812
2017-10-01,3.2,0.416351249053748,0.656654287230141,1.15,14.1210374639769,34.4738485878716,38.1387875728695,79.1666666666667,41.4750850728462
2017-11-01,2.9,0.0376789751318718,0.494778242745775,1.16,13.2564841498559,29.3524577341966,41.1863640102194,78.9772727272727,40.6931446553861
2017-12-01,2.4,0.452659373821196,0.536816967308495,1.3,11.8155619596542,34.9649014346307,40.3949175250913,76.3257575757576,40.8752846237834
2018-01-01,3.2,0.753579502637525,0.667630618113657,1.41,14.1210374639769,39.0347256640238,37.9321405209496,74.2424242424242,41.3325819728437
2018-02-01,3.4,0.791258477769419,0.818685579501754,1.42,14.6974063400576,39.5443187129624,35.0882883466668,74.0530303030303,40.8457609256793
2018-03-01,3.1,0.637898686679184,0.60452567520155,1.51,13.8328530259366,37.4701889561767,39.120192389352,72.3484848484848,40.6929298049875
2018-04-01,2.8,0.449101796407181,0.3081305542739,1.69,12.9682997118156,34.9167866248489,44.700306417724,68.9393939393939,40.3811966734456
2018-05-01,3.2,0.298062593144577,0.430125630356537,1.7,14.1210374639769,32.8740418890803,42.4035532413881,68.75,39.5371581486113
2018-06-01,6.8,0.260126347082879,0.337582445712825,1.82,24.4956772334294,32.3609693538483,44.1458272749295,66.4772727272727,41.86993664737
2018-07-01,6.7,0.222304557243436,0.299758516774107,1.91,24.207492795389,31.8494447931848,44.8579234653745,64.7727272727273,41.4218970816689
2018-08-01,6.6,0.443786982248517,0.394248516086848,1.91,23.9193083573487,34.844905891836,43.0789975199822,64.7727272727273,41.6539847604736
2018-09-01,6.2,0.479527849502026,0.281750674530223,1.95,22.7665706051873,35.3282868078951,45.1969500080899,64.0151515151515,41.826739734081
2018-10-01,6.2,0.515463917525771,0.389523756581411,2.19,22.7665706051873,35.8143077361974,43.1679487035053,59.469696969697,40.3046310036468
2018-11-01,6,0.514516721793457,0.408980091008004,2.2,22.1902017291066,35.8014972932519,42.8016519698252,59.280303030303,40.0184135056217
2018-12-01,7.6,0.659340659340657,-0.0371795733841718,2.27,26.8011527377522,37.7601830493167,51.2013239832394,57.9545454545455,43.4293013062134
2019-01-01,7.5,0.694190719766152,-0.0802764991537419,2.4,26.5129682997118,38.2315161597783,52.0126928050804,55.4924242424242,43.0624003767487
2019-02-01,7.3,0.435729847494559,0.150356304875099,2.4,25.9365994236311,34.7359363710196,47.6706599769548,55.4924242424242,40.9589050035074
2019-03-01,6.5,0.544464609800355,0.583758454603389,2.41,23.6311239193084,36.2065304849798,39.511168659904,55.3030303030303,38.6629633418056
2019-04-01,6.2,0.28891296496929,0.728923445259633,2.42,22.7665706051873,32.7502968322634,36.7782046412853,55.1136363636364,36.8521771105931
2019-05-01,6.1,0.10791366906473,0.396225821175067,2.39,22.478386167147,30.3023538419655,43.0417715770362,55.6818181818182,37.8760824419917
2019-06-01,8.1,0.431965442764559,0.136100847982812,2.38,28.2420749279539,34.6850243046196,47.9390418407876,55.8712121212121,41.6843382986433
2019-07-01,7.7,0.57512580877066,0.394270149516962,2.4,27.0893371757925,36.6212109218201,43.0785902359268,55.4924242424242,40.5703906439909
2019-08-01,8.1,0.536480686695273,0.389729930867011,2.13,28.2420749279539,36.0985511223945,43.164067141556,60.6060606060606,42.0276884494912
2019-09-01,8.3,0.357270453733483,0.0769047591163474,2.04,28.8184438040346,33.6748044919115,49.0535032559239,62.3106060606061,43.464339403119
2019-10-01,7.8,0.24902170046246,0.378852906749905,1.83,27.3775216138329,32.2107834555091,43.3688445841564,66.2878787878788,42.3112571103443
2019-11-01,7.9,0.60455192034139,0.615545448162336,1.55,27.6657060518732,37.0191872962103,38.912727470579,71.5909090909091,43.7971324773929
2019-12-01,7.6,0.49680624556423,0.478095082617158,1.55,26.8011527377522,35.561970194964,41.5004512852727,71.5909090909091,43.8636208272245
2020-01-01,7.9,0.708215297450443,0.602088847946325,1.55,27.6657060518732,38.4211929563789,39.1660695748773,71.5909090909091,44.2109694185096
2020-02-01,8.2,0.670667137310277,0.431890081260478,1.58,28.5302593659942,37.9133691278146,42.3703346202089,71.0227272727273,44.9591725966863
2020-03-01,13.1,0.845665961945041,-0.211991442973147,0.65,42.6512968299712,40.2801581472643,54.4924380972854,88.6363636363636,56.5150641777211
2020-04-01,33,5.26131182041389,-1.21520941903108,0.05,100,100,73.3796272122584,100,93.3449068030646
2020-05-01,23.2,3.69466713140467,-0.847053533007947,0.05,71.7579250720461,78.811757992861,66.4485015655347,100,79.2545461576104
2020-06-01,19,-2.13262245918028,0.512696266539536,0.08,59.6541786743516,0,40.8490284440355,99.4318181818182,49.9837563250513
2020-07-01,17.8,-1.21008403361345,1.1553439054143,0.09,56.1959654178674,12.4769627465159,28.7501548399031,99.2424242424242,49.1663768116777
2020-08-01,14.1,0.408858603066431,0.959123531378525,0.1,45.5331412103746,34.3725135515568,32.4443184225644,99.0530303030303,52.8507508718815
2020-09-01,14.3,0.374659400544952,0.574359450068207,0.09,46.1095100864553,33.9099830335907,39.6881200108417,99.2424242424242,54.737509343328
2020-10-01,13.6,0.101798439090595,0.247996580419829,0.09,44.0922190201729,30.2196478055998,45.8324250235723,99.2424242424242,54.8466790229423
2020-11-01,12.9,0.407331975560066,0.233658328497488,0.09,42.0749279538905,34.3518665259188,46.1023656367773,99.2424242424242,55.4428960897527
2020-12-01,13.7,1.05084745762711,0.556996062614035,0.09,44.3804034582132,43.0551557050372,40.015013657437,99.2424242424242,56.6732492657779
2021-01-01,20.5,1.28465179175119,0.542142575062199,0.09,63.9769452449568,46.2172656898302,40.2946544086033,99.2424242424242,62.4328223964536
2021-02-01,13.6,0.367892976588635,0.52946232451534,0.08,44.0922190201729,33.8184698594069,40.5333804839123,99.4318181818182,54.4689718863276
2021-03-01,27.6,0.0668002672010726,0.97700119360411,0.07,84.4380403458213,29.7463115469031,32.1077427277039,99.6212121212121,61.4783266854101
2021-04-01,14.9,0.533155614795078,1.39496353943023,0.07,47.8386167146974,36.053580856573,24.2389305084742,99.6212121212121,51.9380850502392
2021-05-01,12.4,1.23497997329771,1.419221807223,0.06,40.6340057636888,45.5454742378752,23.782229669436,99.8106060606061,52.4430789329015
2021-06-01,9.4,0.728959575878063,1.55491095520777,0.08,31.9884726224784,38.7017510144194,21.2276636030383,99.4318181818182,47.8374263554386
2021-07-01,9.6,0.758825470141877,1.38297753499335,0.1,32.5648414985591,39.105675273609,24.4645862861167,99.0530303030303,48.7970333403288
2021-08-01,9.4,0.952693823915896,0.749499042368296,0.09,31.9884726224784,41.7276671177758,36.3908359905841,99.2424242424242,52.3373499933156
2021-09-01,7.5,0.981996726677581,0.687932712614536,0.08,26.5129682997118,42.1239771423666,37.5499209959617,99.4318181818182,51.4046711549646
2021-10-01,7.3,0.978473581213302,1.35964719499508,0.08,25.9365994236311,42.0763280109157,24.9038173945895,99.4318181818182,48.0871407527386
2021-11-01,6.9,0.583468395461906,1.7297857283558,0.08,24.7838616714697,36.7340410657702,17.9353652284982,99.4318181818182,44.7212715368891
2021-12-01,7.9,1.13049095607234,2.20837680292409,0.08,27.6657060518732,44.1323021257868,8.92511984829837,99.4318181818182,45.0387365519441
2022-01-01,6.4,1.54093097913324,1.88238100056375,0.08,23.342939481268,49.6833390641815,15.0625142299872,99.4318181818182,46.8801527393137
2022-02-01,6.3,1.05599999999999,1.90117613310385,0.08,23.0547550432277,43.1248417771341,14.7086656834123,99.4318181818182,45.0800201713981
2022-03-01,6.2,1.05095541401274,2.6824463225217,0.2,22.7665706051873,43.0566157719184,-1.4210854715202e-14,97.1590909090909,40.7455693215491
2022-04-01,4.4,0.695542206765731,2.38709196865923,0.33,17.5792507204611,38.2497944802025,5.56051991736746,94.6969696969697,39.0216337037502
2022-05-01,5.4,0.947867298578209,2.56596125018473,0.77,20.4610951008646,41.6623902955162,2.19301850924228,86.3636363636364,37.6700350673148
2022-06-01,5.1,0.753768844221092,2.64851863695132,1.21,19.5965417867435,39.0372864331139,0.638743153426162,78.030303030303,34.3257186008966
2022-07-01,5,1.00156494522692,2.28917457381099,1.68,19.3083573487032,42.3886294615432,7.40397208656711,69.1287878787879,34.5574366939003
2022-08-01,3.5,0.872817955112226,1.42242532781656,2.33,14.985590778098,40.6473779809883,23.7219182508529,56.8181818181818,34.0432672070302
2022-09-01,3.1,1.05853051058531,0.485223209448504,2.56,13.8328530259366,43.1590659193787,41.3662528531153,52.4621212121212,37.705073252638
2022-10-01,2.3,0.991940483570986,0.945233361894671,3.08,11.5273775216138,42.2584624720624,32.7058231644466,42.6136363636364,32.2763248804398
2022-11-01,2.4,1.20259019426456,0.923144577498136,3.78,11.8155619596542,45.1074154479488,33.1216799953385,29.3560606060606,29.8501795022505
2022-12-01,3.4,0.860479409956971,0.455248499634386,4.1,14.6974063400576,40.4805040991185,41.9305748912333,23.2954545454545,30.100984968966
2023-01-01,4.7,1.13288426209432,0.830028651757009,4.33,18.4438040345821,44.1646706312601,34.8747367996026,18.9393939393939,29.1056513512097
2023-02-01,4.6,0.791958574474583,1.10575198844307,4.57,18.1556195965418,39.5537872405242,29.6838022991424,14.3939393939394,25.4467871325369
2023-03-01,5.1,0.789793438639119,1.23980249033919,4.65,19.5965417867435,39.5245046454457,27.16008637629,12.8787878787879,24.7899801718168
2023-04-01,4.1,1.06028476219329,0.792583916735445,4.83,16.7146974063401,43.1827914698318,35.5796940557428,9.46969696969697,26.2367199754029
2023-05-01,4.6,0.996677740863783,0.545669124277293,5.06,18.1556195965418,42.3225319797651,40.2282614575814,5.11363636363637,26.4550123493812
2023-06-01,4.3,0.810567397178019,0.673607061443038,5.08,17.2910662824207,39.8054641151049,37.819624379801,4.73484848484848,24.9127508155438
2023-07-01,3.5,1.19976004799041,0.472074950976831,5.12,14.985590778098,45.0691388530111,41.6137899290186,3.97727272727273,26.4114480718501
2023-08-01,3.9,1.13636363636365,0.98089642393191,5.33,16.1383285302594,44.2117277748288,32.0344087627997,0,23.096116266972
2023-09-01,3.4,0.893388921977389,1.19799500396589,5.33,14.6974063400576,40.9255920695545,27.9471794312381,0,20.8925444602126
2023-10-01,3.8,0.800474355173453,1.07475652871056,5.33,15.850144092219,39.6689597640665,30.2673415933382,0,21.4466113624059
2023-11-01,4.1,0.560306694190515,0.538089065494707,5.33,16.7146974063401,36.4207883319001,40.3709682343199,0,23.37661349314
2023-12-01,3.7,1.06163373636097,0.445230762225979,5.33,15.5619596541787,43.201035805211,42.1191748819155,0,25.2205425853263
2024-01-01,3.8,1.6774573278399,0.671610011085133,5.33,15.850144092219,51.5298032542062,37.8572220591509,0,26.309292351394
2024-02-01,3.6,1.37829912023459,1.01878103514907,5.33,15.2737752161383,47.4838083035758,31.3211701310345,0,23.5196884126871
2024-03-01,3.2,1.46241591108511,1.40070213726429,5.33,14.1210374639769,48.6214542126375,24.1308921906476,0,21.7183459668155
2024-04-01,3.6,1.28242494899447,1.41071717662296,5.33,15.2737752161383,46.1871485333541,23.9423429950836,0,21.350816686144
2024-05-01,3.9,1.15908432338452,1.14309701793758,5.33,16.1383285302594,44.5190159675786,28.9807221596311,0,22.4095166643673
2024-06-01,3.4,1.3317892298784,0.641367736791687,5.33,14.6974063400576,46.8547806628439,38.4265814281802,0,24.9946921077704
2024-07-01,2.9,1.09541654655521,0.417640841687206,5.33,13.2564841498559,43.6579347837084,42.638599433029,0,24.8882545916483
2024-08-01,4.8,1.55754254398615,0.605643275790269,5.33,18.7319884726225,49.908003826198,39.0991517639068,0,26.9347860156818
2024-09-01,4.6,1.28902893153824,0.466437864155145,5.13,18.1556195965418,46.2764647524879,41.7199171390563,3.7878787878788,27.4849700689912
2024-10-01,4.4,1.66284403669725,0.711629020672033,4.83,17.5792507204611,51.3321643438499,37.1037999511941,9.46969696969697,28.8712279963005
2024-11-01,4.4,1.74285714285713,1.08353644317662,4.64,17.5792507204611,52.4143095609192,30.1020456069311,13.0681818181818,28.2909469266233
2024-12-01,3.8,1.30570536474597,1.13459463073147,4.48,15.850144092219,46.5020068330248,29.140793249786,16.0984848484848,26.8978572558787
2025-01-01,4.6,1.44230769230769,1.39821917721159,4.33,18.1556195965418,48.349498606636,24.1776379001538,18.9393939393939,27.4055375106814
2025-02-01,4.6,1.32543711223914,1.3697718209311,4.33,18.1556195965418,46.7688708156764,24.7132050557603,18.9393939393939,27.1442723518431
2025-03-01,3.9,1.46561443066517,1.31905127213476,4.33,16.1383285302594,48.664712909011,25.668100821181,18.9393939393939,27.3526340499613
2025-04-01,4.9,1.32059567294183,1.2261369417996,4.33,19.0201729106628,46.7033922880856,27.4173622682564,18.9393939393939,28.0200803515997
2025-05-01,4.5,1.5126050420168,0.911280041550588,4.33,17.8674351585014,49.3002421086863,33.3450489336456,18.9393939393939,29.8630300350568
2025-06-01,4.5,1.31174993022607,0.756535855537366,4.33,17.8674351585014,46.5837571604085,36.2583566847275,18.9393939393939,29.9122357357578
2025-07-01,4.4,1.5041782729805,0.737080759909325,4.33,17.5792507204611,49.1862734322328,36.624630096036,18.9393939393939,30.582387047031
2025-08-01,4.6,1.41588006662965,1.17297373402374,4.33,18.1556195965418,47.9920755531072,28.4182450107755,18.9393939393939,28.3763335249546
